country,year,u5_mortality,neonatal_mortality,maternal_mortality,internet_users,mobile_subs,ict_index,hospital_beds,nurses,physicians,dpt3,anc4,postnatal,hiv_prev,hiv_art,malnutrition,anemia,vitA,fertility,adolescent_fertility,gdp_pc,literacy,water,sanitation,health_exp,health_gdp,public_health
Algeria,2000,41.6,2.2716975,122.6197065,0.491706,0.278282,5.7,1.77,NA,NA,86,NA,NA,0.1,0,5.4,33.9,NA,2.59,NA,11558.221,NA,88.993805,84.48083,3.21485448,3.21485,2.3135197
Algeria,2001,40.1,2.2333035,113.3893905,0.646114,0.31917,6,1.75,NA,NA,89,NA,NA,0.1,0,NA,33.4,NA,2.519,NA,11742.595,NA,89.1698,84.759926,3.53628588,3.53629,2.6956053
Algeria,2002,38.5,2.1940203,102.0659755,1.59164,1.41805,6.14,1.74,2.197,1.118,86,NA,NA,0.1,0,11.1,33,NA,2.429,8.21,12213.126,70,89.34364,85.03281,3.44169641,3.4417,2.5908632
Algeria,2003,37,2.146514,101.0072426,2.19536,4.49694,6.46,1.77,NA,NA,87,NA,NA,0.1,0,NA,32.8,NA,2.451,NA,12835.182,NA,89.51511,85.299164,3.32569361,3.32569,2.550614
Algeria,2004,35.4,2.0867424,90.71182882,4.63448,14.9637,7.62,1.81,NA,NA,86,NA,NA,0.1,0,NA,32.6,NA,2.5,NA,13226.765,NA,89.68422,85.55907,3.29030514,3.29031,2.3477478
Algeria,2005,34,2.0272636,86.94945789,5.84394,41.2614,7.77,NA,NA,1.03,88,NA,NA,0.1,0,NA,32.4,15.7,2.562,9.01,13738.496,NA,89.85078,85.812256,3.1188612,3.11886,2.161086
Algeria,2006,32.6,1.9724847,84.47351062,7.37598,62.4502,8.45,1.71,NA,NA,95,NA,NA,0.1,0,3.4,32.1,NA,2.628,10.06,13920.694,73,90.01502,86.059135,3.18999887,3.19,2.1839588
Algeria,2007,31.3,1.9161441,83.49241987,9.45119,80.6177,8.97,NA,1.928,1.202,95,NA,NA,0.1,0,NA,31.8,NA,2.704,9,14114.675,NA,90.17674,86.29944,3.62011433,3.62011,2.5263925
Algeria,2008,30.1,1.8639283,83.32107118,10.18,77.6388,8.82,1.74,NA,NA,93,NA,NA,0.1,37,NA,31.5,NA,2.785,8.8,14206.776,75,90.3362,86.53356,3.98331022,3.98331,2.867801
Algeria,2009,29,1.8192959,82.62749882,11.23,92.2215,7.26,1.74,NA,NA,95,NA,NA,0.1,32,NA,31.1,NA,2.825,9.6,14104.428,NA,90.49186,86.75948,4.89210796,4.89211,3.4677248
Algeria,2010,28.1,1.7896867,81.88519636,12.5,90.5824,8.08,1.71,NA,NA,95,NA,NA,0.1,53,NA,30.8,NA,2.875,9.1,14496.421,NA,90.64434,86.978134,4.64001417,4.64001,3.2239835
Algeria,2011,27.3,1.7608224,80.71157855,14.9,96.5113,8.29,1.68,NA,NA,95,NA,NA,0.1,51,NA,30.5,NA,2.899,9.5,14641.964,NA,90.79335,87.18924,4.82567501,4.82568,3.407767
Algeria,2012,26.6,1.711939,81.08458935,18.2,99.6853,8.74,1.66,NA,NA,95,NA,NA,0.1,42,3,30.2,NA,2.996,9.1,14697.54,NA,90.954704,87.09354,5.63658524,5.63658,4.027723
Algeria,2013,26,1.6365587,80.59615849,22.5,102.871,8.16,1.65,NA,NA,95,67.3,NA,0.1,64,NA,30,NA,2.997,9.8,14778.191,NA,91.11286,86.98688,5.64541769,5.64542,3.9159186
Algeria,2014,25.4,1.5631838,80.466736,29.5,110.44,7.9,1.64,NA,NA,95,NA,NA,0.1,32,NA,29.9,NA,3.084,9.2,15073.763,NA,91.26806,86.86985,6.01484108,6.01485,4.218654
Algeria,2015,24.9,1.5167315,79.48452305,38.2,108.016,8.16,1.62,NA,NA,95,NA,NA,0.1,29,NA,29.8,NA,3.091,9.7,15239.518,NA,91.42015,86.74252,6.33435678,6.33435,4.3392553
Algeria,2016,24.5,1.5044947,78.69241,42.9455,115.154,8.33,1.6,2.227,1.842,91,NA,NA,0.1,50,NA,29.8,NA,3.091,10.3,15511.686,NA,91.5694,86.605484,6.00080872,6.0008,3.9432175
Algeria,2017,24,1.521426,77.33012671,47.6911,109.97,9.84,1.61,2.207,NA,91,NA,NA,0.1,60,NA,29.9,NA,3.09,9.8,15427.664,NA,91.71564,86.458824,5.9484539,5.94846,3.8445349
Algeria,2018,23.7,1.5545269,75.4322399,49.0385,110.938,9.88,NA,1.538,1.732,91,NA,NA,0.1,70,NA,30,NA,3.019,9.1,15343.426,NA,91.85912,86.30309,5.9323926,5.93239,3.8447134
Algeria,2019,23.3,1.5841494,73.17388753,55.7907,104.922,10.7,NA,0.312,0.987,88,69.8,NA,0.1,74,2.7,30.1,NA,2.997,11,15199.199,NA,91.9998,86.138504,5.41732121,5.41731,3.2759805
Algeria,2020,22.9,1.5944201,96.77084703,63.4727,103.437,10.9,NA,NA,NA,84,NA,NA,0.1,NA,NA,30.4,NA,2.94,NA,14194.155,NA,92.137825,85.96547,5.63830757,5.63832,3.3118594
Algeria,2021,22.6,1.5854968,78.85966617,72.2124,105.037,11.4,NA,NA,NA,81,NA,NA,0.1,NA,NA,30.6,NA,2.87,NA,14496.865,NA,92.27323,85.7843,5.02188873,5.01106,2.8733392
Algeria,2022,22.3,1.5634977,64.45587535,74.8319,107.787,12.3,NA,2.508,NA,77,NA,NA,0.1,NA,NA,31,NA,2.817,NA,14782.2,NA,92.32367,85.82629,3.63464284,3.62304,1.716631
Angola,2000,203,4.991321,659.3351884,0.105046,0.159347,0.401,NA,NA,NA,31,NA,NA,1.4,0,NA,52.9,NA,6.639,NA,6796.4062,NA,37.842236,33.800407,1.68525279,1.9086,0.98097837
Angola,2001,196.9,4.8852944,628.606353,0.136014,0.447836,0.459,NA,NA,NA,42,NA,NA,1.4,0,NA,52.4,NA,6.601,NA,6848.683,67,38.338818,34.255856,3.95882654,4.48352,1.8068419
Angola,2002,189.9,4.7698455,602.3700556,0.270377,0.807955,0.463,NA,NA,NA,47,NA,NA,1.5,0,NA,51.9,NA,6.567,149.52,7523.813,NA,38.835392,34.7113,2.9398222,3.32946,1.1554813
Angola,2003,182.2,4.630181,538.0167748,0.370682,1.95054,0.474,NA,NA,NA,46,NA,NA,1.5,0,NA,51.4,NA,6.533,150.88,7518.8896,NA,40.396515,35.756687,3.10680342,3.54797,1.2833583
Angola,2004,173.8,4.4764395,498.9089688,0.464815,3.9784,0.507,NA,0.994,0.062,47,NA,NA,1.6,1,NA,50.9,NA,6.499,157.77,8081.757,NA,41.977238,36.80266,3.46084046,3.9672,1.4713583
Angola,2005,165,4.3263574,461.9025905,1.14337,8.35159,0.502,NA,NA,NA,47,NA,NA,1.6,2,NA,50.3,64.3,6.461,165.64,8895.377,NA,43.574345,37.84653,2.54726577,2.8522,1.1420456
Angola,2006,155.5,4.1677017,437.16848,1.5,15.2614,0.49,NA,NA,NA,44,NA,NA,1.6,9,NA,49.7,NA,6.419,171.92,9588.822,NA,45.014,38.733883,2.39833426,2.68554,1.2896801
Angola,2007,146,4.0282593,401.2986412,1.7,23.8782,0.454,NA,NA,NA,43,NA,NA,1.7,9,15.1,49,NA,6.372,NA,10437.59,NA,46.468655,39.620567,2.65790844,2.97439,1.5387639
Angola,2008,137,3.888312,372.2048971,1.9,31.3891,0.53,NA,NA,NA,45,NA,NA,1.7,11,NA,48.2,NA,6.32,187.9,11134.705,NA,47.93902,40.507355,2.97807598,3.3229,1.9165238
Angola,2009,128.2,3.7497485,348.0829497,2.3,36.1789,1.35,NA,1.32,0.131,47,NA,NA,1.7,13,NA,47.3,NA,6.26,190.87,10933.271,NA,49.423176,41.39269,3.30655909,3.84261,2.2376904
Angola,2010,119.8,3.6197696,321.4337389,2.8,40.3668,1.21,NA,NA,NA,49,NA,NA,1.7,14,NA,46.5,NA,6.194,NA,11077.13,NA,50.922283,42.277718,2.36373854,2.6951,1.4682665
Angola,2011,112.1,3.4983318,300.586423,4.7,49.8515,0.659,NA,NA,NA,50,NA,NA,1.8,10,NA,45.8,NA,6.12,169.1,11037.639,NA,52.43574,43.162064,2.35561895,2.64561,1.5254296
Angola,2012,104.8,3.3830993,277.7975873,7.7,50.7801,0.828,NA,NA,NA,52,NA,NA,1.8,12,NA,45.2,NA,6.039,NA,11519.993,NA,53.962936,44.04532,2.13677311,2.39575,1.3943417
Angola,2013,98.3,3.2677882,266.7850365,13,50.7735,0.821,NA,NA,NA,54,NA,NA,1.8,20,NA,44.8,NA,5.953,166.1,11626.1875,NA,55.503227,44.927082,2.4297719,2.73283,1.5071826
Angola,2014,92.8,3.166964,261.7348521,21.3623,51.7384,1.06,NA,NA,NA,55,NA,NA,1.8,31,NA,44.5,NA,5.864,162.65,11721.664,66,57.05691,45.80774,2.15680027,2.43413,1.1679777
Angola,2015,88.2,3.072365,249.3749766,22,49.3097,1.01,NA,NA,NA,57,NA,NA,1.8,29,19,44.2,NA,5.774,NA,11392.906,66.23586,58.619633,46.683765,2.29966879,2.60579,1.0892434
Angola,2016,84.1,2.9841948,235.6878204,23.2,44.5502,1.04,NA,NA,NA,59,61.4,23.3,1.8,26,NA,44.1,NA,5.686,NA,10805.712,NA,60.192062,47.55591,2.39068723,2.71315,1.0552077
Angola,2017,80.5,2.9076161,220.3095473,26,44.0682,0.533,NA,NA,0.212,58,NA,NA,1.8,24,NA,44,NA,5.6,NA,10414.236,NA,61.773514,48.423767,2.4379425,2.79384,1.128247
Angola,2018,77.3,2.8392801,208.382423,29,42.4589,0.549,NA,0.401,0.211,67,NA,NA,1.7,33,NA,43.9,NA,5.519,NA,10000.944,NA,63.36279,49.286522,2.29887486,2.59482,0.97981894
Angola,2019,74.4,2.7856035,201.5926827,32.1294,45.8065,0.385,0.75,NA,NA,64,NA,NA,1.7,51,NA,43.7,NA,5.442,NA,9648.011,NA,64.15991,49.547024,2.20394278,2.47519,1.0030398
Angola,2020,71.6,2.728305,194.8259598,36.6347,43.7804,0.356,NA,NA,NA,59,NA,NA,1.7,57,NA,43.6,NA,5.371,NA,8960.338,NA,64.94403,49.80164,2.81688905,3.27488,1.4605544
Angola,2021,69,2.6646137,210.5683328,39.3876,44.3869,0.348,NA,NA,NA,55,NA,NA,1.7,63,NA,43.6,NA,5.304,NA,8862.281,NA,65.716255,50.051136,2.73987103,3.09277,1.5167654
Angola,2022,66.4,2.6093757,184.5930974,42.0719,66.6008,0.264,NA,1.873,0.244,54,NA,NA,1.6,70,NA,43.7,NA,5.209,NA,8950.143,NA,66.476326,50.295135,2.60041046,2.92738,1.3071184
Benin,2000,136.1,3.8814883,529.469584,0.225248,0.768193,0.715,NA,NA,NA,78,NA,NA,1.5,0,NA,59.6,NA,5.937,NA,2536.169,NA,61.05343,8.528124,2.9591713,2.95917,1.1341794
Benin,2001,132.8,3.8126915,532.4616217,0.363418,1.67884,0.796,NA,NA,NA,76,61.6,NA,1.4,0,19.5,58.9,NA,5.848,130.11,2591.065,NA,61.411045,8.939752,3.30417323,3.30417,1.2006313
Benin,2002,129.6,3.7414293,534.3912685,0.702946,2.85027,0.816,NA,NA,NA,75,NA,NA,1.4,0,NA,58.3,NA,5.793,118.89,2630.1807,35,61.78269,9.373913,3.09589195,3.09589,0.9371445
Benin,2003,126.5,3.674717,532.2720805,0.951327,2.98462,0.841,NA,NA,NA,73,NA,NA,1.4,0,NA,57.7,NA,5.763,127.24,2639.0437,NA,62.17777,9.838774,3.11678505,3.11679,1.0523379
Benin,2004,123.5,3.6148083,530.5896076,1.18254,5.62957,0.892,NA,0.71,0.039,72,NA,NA,1.3,0,NA,57,NA,5.718,114.32,2672.844,NA,62.569477,10.315592,3.23273873,3.23274,1.153814
Benin,2005,120.6,3.563589,514.176213,1.27103,7.07639,0.905,NA,NA,NA,70,NA,NA,1.3,0,NA,56.3,70.7,5.692,112.27,2632.4724,NA,62.9573,10.803953,3.22345805,3.22346,1.0478536
Benin,2006,117.9,3.52125,509.4485935,1.53785,12.1442,0.89,NA,NA,NA,74,60.5,NA,1.2,0,NA,55.5,NA,5.673,114.6,2652.2185,NA,63.34142,11.303962,3.28773856,3.28774,1.0630699
Benin,2007,115.4,3.4818244,500.8453953,1.79,22.9147,1.24,NA,NA,NA,82,NA,NA,1.2,0,NA,54.7,NA,5.627,103.04,2729.1375,NA,63.722004,11.815729,2.93715644,2.93716,0.95481884
Benin,2008,113,3.4475222,563.3792299,1.85,39.2846,1.25,NA,0.773,0.061,75,NA,NA,1.1,32,17.1,53.7,NA,5.548,106.55,2777.6196,NA,64.09877,12.339007,2.65178108,2.65178,0.7425097
Benin,2009,110.6,3.41369,597.9590022,2.24,52.9301,1.34,NA,NA,NA,79,NA,NA,1.1,35,NA,52.7,NA,5.491,104.11,2758.0725,NA,64.47128,12.87336,2.89953876,2.88893,0.8678461
Benin,2010,108.4,3.3793926,606.7153638,3.13,72.2115,1.36,0.43,0.424,0.054,76,NA,NA,1.1,17,NA,51.8,NA,5.452,94,2733.574,NA,64.8399,13.419076,3.01848245,3.00989,0.7522946
Benin,2011,106.2,3.3383555,613.3767351,4.14832,76.9318,1.51,0.47,0.398,0.056,75,NA,NA,1.1,22,NA,50.9,NA,5.436,97.77,2732.0125,NA,65.20457,13.976085,2.99865556,2.99708,0.65150005
Benin,2012,103.9,3.2957566,617.8774539,4.5,80.8629,1.51,0.46,0.637,NA,80,58.2,51,1.1,26,NA,50.2,NA,5.429,94.26,2779.7266,NA,65.56525,14.5443125,3.07562971,3.07563,0.74686456
Benin,2013,101.6,3.2556853,607.1691818,4.9,89.9019,1.49,0.46,0.565,NA,77,NA,NA,1.1,24,NA,49.6,NA,5.41,106.42,2893.0466,NA,65.92152,15.123305,2.86880755,2.86881,0.76463026
Benin,2014,99.3,3.2115304,605.1760492,6,78.517,1.77,0.44,NA,NA,74,58.7,NA,1,44,18,49.2,NA,5.374,102.01,2987.3823,NA,66.2746,15.714331,2.69111967,2.69112,0.5753253
Benin,2015,97.1,3.1735291,606.4238477,11.255,82.0193,1.71,0.43,NA,NA,74,NA,NA,1,96,NA,49,NA,5.32,108,2952.0022,NA,66.62402,16.316948,2.72813416,2.72813,0.59082586
Benin,2016,95,3.1327016,604.1792932,14.5,76.0182,1.07,0.42,0.223,0.046,78,NA,NA,1,100,NA,48.9,NA,5.254,108,2962.6638,NA,66.9697,16.931097,3.62042856,2.7955,0.7138922
Benin,2017,92.7,3.0922635,591.6453425,18.7,72.8671,0.472,0.42,NA,NA,76,NA,NA,0.9,100,NA,48.8,NA,5.155,98.09,3041.7793,38.87121,67.31153,17.556713,3.67389345,2.66814,0.7063733
Benin,2018,90.5,3.0470402,585.4842368,19,76.408,0.392,0.44,0.522,0.076,74,52.1,65.5,0.9,100,16.8,48.9,NA,5.031,NA,3155.4512,NA,67.649414,18.193731,3.4364984,2.88632,0.6667346
Benin,2019,88,2.9990625,572.1479506,20.5,81.3235,0.282,0.4,0.54,0.062,72,NA,NA,0.9,85,NA,49,NA,4.9,83.85,3281.1047,48.99828,67.98325,18.842085,3.00206876,2.50914,0.4562576
Benin,2020,85.5,2.9520164,577.7173435,22.1206,85.2391,0.248,0.45,NA,NA,70,NA,NA,0.8,91,NA,49.1,NA,4.795,77.23,3317.8596,NA,68.31295,19.501705,3.0512166,2.71236,0.51122105
Benin,2021,83.1,2.9013245,583.5752638,28.2047,94.9183,0.0857,0.43,0.564,0.212,70,NA,NA,0.8,81,19.6,49.2,NA,4.707,NA,3464.2886,43.83417,68.63812,20.172117,2.91589761,2.5813,0.33374113
Benin,2022,80.4,2.853571,547.0724406,30.0134,105.745,0.0111,NA,0.578,0.195,69,52.6,NA,0.7,89,NA,49.5,NA,4.634,NA,3588.3252,51.37877,68.958984,20.853651,2.98184395,2.67981,0.50720674
Botswana,2000,81.1,1.1021882,135.6640021,2.90267,13.2462,8.1,2.13,2.575,0.289,97,NA,NA,25.9,8,11.1,32.8,NA,3.294,NA,13185.817,NA,75.459564,53.739555,6.10838556,6.10839,3.2540555
Botswana,2001,81.2,1.1837714,137.9404942,3.43089,19.4051,8.65,2.16,2.333,0.29,97,NA,NA,25.7,17,NA,32.2,NA,3.248,53.3,12949.641,NA,75.75495,54.74514,6.3660779,6.36608,3.5053139
Botswana,2002,80,1.3055836,139.7492744,3.38592,19.0435,8.49,2.2,2.376,0.299,97,NA,NA,25.3,25,NA,31.5,NA,3.175,NA,13479.696,NA,75.91391,55.604088,6.66529799,6.6653,3.7632477
Botswana,2003,78.5,1.457765,142.4809179,3.34519,25.0588,7.4,2.09,2.506,0.288,96,NA,NA,24.9,34,NA,30.9,NA,3.106,68,13857.259,81,76.05199,56.432262,6.40933847,6.40934,3.600583
Botswana,2004,76.3,1.635647,151.2597185,3.30489,28.9318,7.29,2.05,2.63,0.385,96,NA,NA,24.5,43,NA,30.3,NA,3.063,NA,13984.842,NA,76.18888,57.248806,6.09125996,6.09126,3.4343946
Botswana,2005,70.3,1.8216059,166.2855662,3.26255,30.6424,7.42,2.16,2.428,0.246,96,NA,NA,24.2,70,NA,29.8,26.1,3.082,NA,14361.958,NA,76.32341,58.052437,5.26532936,5.26533,2.866167
Botswana,2006,64.3,2.0064545,204.1794235,4.28993,43.9084,7.04,2.17,2.671,0.306,96,NA,NA,23.9,82,NA,29.2,NA,3.114,51,15275.583,NA,77.37937,58.84412,4.87599421,4.87599,2.7911026
Botswana,2007,61.6,2.1265073,201.2441642,5.28,60.2637,7.17,2.17,3.016,0.36,96,73.3,NA,23.6,78,11.8,28.6,NA,3.127,NA,15850.234,NA,78.817635,59.99491,5.52080727,5.52081,3.1294875
Botswana,2008,60.3,2.2173188,198.7261855,6.25,76.1956,7.3,2.17,2.88,0.357,96,NA,NA,23.4,79,NA,28.1,NA,3.131,NA,16040.315,NA,80.20836,61.111156,5.89747286,5.89747,3.6680632
Botswana,2009,57.8,2.285881,212.6686549,6.15,94.1441,6.9,2.29,2.922,0.338,96,NA,NA,23.2,88,NA,27.7,NA,3.133,NA,13489.951,NA,81.5482,62.188946,6.62081194,6.62081,3.4101844
Botswana,2010,55.8,2.3294246,228.4342289,6,116.246,6.76,2.47,2.861,0.392,95,NA,NA,23,79,NA,27.3,NA,3.135,NA,14545.02,NA,82.83969,63.229877,6.26718187,6.26718,3.60706
Botswana,2011,56.8,2.354207,269.0407241,9,139.87,7.21,2.55,2.805,0.384,95,NA,NA,22.8,70,NA,27.1,NA,3.103,38.81,15236.719,NA,84.082245,64.23258,5.86915016,5.86915,3.604567
Botswana,2012,53.4,2.368681,288.0631502,16,146.149,7.61,2.5,2.758,0.377,95,NA,NA,22.7,89,NA,27,NA,3.07,38.65,14957.619,NA,85.11982,65.03728,6.35010576,6.35011,4.0960183
Botswana,2013,51,2.3708339,221.2480601,30,151.671,8.14,2.59,NA,NA,95,NA,NA,22.4,91,NA,27.1,NA,3.045,41.03,16369.426,NA,86.10353,65.79083,6.49913645,6.49914,4.154821
Botswana,2014,51.1,2.3618214,211.5097733,36.7447,157.018,7.79,2.57,NA,NA,95,NA,NA,22.1,84,NA,27.2,NA,3.027,35.61,17052.193,NA,87.062004,66.52149,5.8804059,5.88041,3.9903913
Botswana,2015,49.8,2.3501387,140.5331074,37.3121,157.735,7.28,2.61,NA,NA,95,NA,NA,21.8,88,NA,27.4,NA,3.008,47.54,15994.964,NA,87.99527,67.22889,6.10287762,6.10288,4.1351805
Botswana,2016,49,2.3373199,72.26346162,42.2576,147.173,6.36,2.57,3.977,0.353,95,NA,NA,21.4,87,NA,27.6,NA,2.99,44.09,16905.588,NA,88.90367,67.912964,5.76837635,5.76838,3.837266
Botswana,2017,46.5,2.3110468,46.25715424,47.8587,142.962,6.23,2.54,NA,NA,95,NA,NA,20.9,97,NA,27.9,NA,2.969,50,17352.896,NA,89.78708,68.57314,6.62986994,6.62987,5.016133
Botswana,2018,45.9,2.2749364,99.17532301,54.2022,147.065,6.2,2.5,3.325,0.377,95,NA,NA,20.3,100,NA,28.2,NA,2.941,46.58,17825.02,NA,90.64382,69.20699,6.04010344,6.0401,4.142534
Botswana,2019,45,2.2399256,100.1077922,61.3865,160.662,6.11,2.47,3.329,0.368,95,NA,NA,19.7,100,NA,28.6,NA,2.906,48.09,18106.01,NA,91.474945,69.81506,6.12193203,6.12193,4.372941
Botswana,2020,43.9,2.2092578,97.80308548,69.523,161.859,5.92,2.43,3.285,0.402,95,NA,NA,19,100,NA,29,NA,2.861,NA,16289.392,NA,91.546135,70.39743,6.1213398,6.12134,4.4899483
Botswana,2021,42,2.1632893,165.4448813,78.738,173.252,3.91,2.39,3.284,0.392,95,NA,NA,18.2,100,NA,29.5,NA,2.827,NA,17960.625,NA,91.61103,70.95423,6.30315065,6.30755,4.8283005
Botswana,2022,40.7,2.1238952,120.4160462,80.3696,178.205,3.76,2.36,3.29,0.378,86,NA,NA,17.4,100,NA,30.1,NA,2.785,NA,18647.373,NA,91.6703,71.48649,5.73650789,5.72839,4.307453
Burkina Faso,2000,178.1,4.0432806,524.2875523,0.0770802,0.211688,0.446,NA,NA,NA,45,NA,NA,1.9,0,NA,55.8,NA,6.519,NA,1428.574,NA,55.63909,8.841626,4.0211668,2.95026,0.96129316
Burkina Faso,2001,174,3.969226,512.6841868,0.157732,0.61965,0.472,NA,NA,0.04,62,NA,NA,1.8,0,NA,55.2,NA,6.431,NA,1477.2849,NA,55.832905,9.13087,3.95983911,2.88835,0.9716204
Burkina Faso,2002,169.3,3.8923829,507.8384045,0.200993,0.875435,0.488,NA,NA,NA,69,NA,NA,1.6,0,NA,54.5,NA,6.339,120.11,1494.678,NA,55.61143,10.059843,4.17985535,2.97113,1.0579904
Burkina Faso,2003,164.3,3.8028443,495.4221537,0.37344,1.81994,0.509,NA,NA,NA,79,17.6,NA,1.5,1,NA,53.8,NA,6.28,151.51,1561.8331,22,55.390312,11.008088,4.42266035,3.14307,0.9801873
Burkina Faso,2004,158.6,3.6963055,480.9668918,0.400295,2.93277,0.631,NA,0.486,0.053,79,NA,NA,1.4,3,NA,53.2,NA,6.216,126.71,1581.2562,NA,55.171288,11.975995,5.23083639,4.21721,1.699779
Burkina Faso,2005,152.3,3.5836878,466.8957229,0.469914,4.54743,0.655,NA,NA,NA,82,NA,NA,1.3,9,NA,52.4,54.3,6.182,133.07,1664.9955,24,54.95405,12.961087,4.83784914,3.9511,1.2228526
Burkina Faso,2006,145.7,3.465315,463.2382991,0.632708,7.07267,0.659,NA,NA,NA,86,NA,NA,1.2,19,NA,51.6,NA,6.17,139.11,1714.7604,22,54.74041,13.963679,5.17043304,4.51446,1.4309781
Burkina Faso,2007,139,3.3555937,452.9830577,0.75,12.5405,0.788,NA,NA,NA,89,NA,NA,1.2,19,NA,50.8,NA,6.11,NA,1731.9304,28,54.477512,14.918854,5.77535009,5.23373,1.4321285
Burkina Faso,2008,132.7,3.259673,428.5628399,0.92,19.82,0.971,NA,0.357,0.031,93,NA,NA,1.1,18,NA,49.9,NA,6.05,136.14,1779.3271,NA,54.17093,15.838559,4.96721601,4.64781,1.3611135
Burkina Faso,2009,126.8,3.1789129,419.2835891,1.13,24.3387,0.97,NA,0.39,0.043,92,NA,NA,1.1,31,26,49.1,NA,5.992,130.1,1779.323,NA,53.860764,16.771318,5.19683933,5.08159,1.6417785
Burkina Faso,2010,121.5,3.109361,403.8874477,2.4,35.2848,0.89,NA,0.534,0.044,91,33.7,NA,1,37,25.2,48.3,NA,5.936,NA,1873.9714,NA,53.54818,17.717348,5.28967237,5.23958,1.3063089
Burkina Faso,2011,116.8,3.0459206,387.588149,3,46.1058,0.849,NA,0.441,0.037,91,NA,NA,1,42,25.1,47.5,NA,5.869,127.52,1939.8666,NA,53.233723,18.676083,4.64868164,4.64868,1.3462018
Burkina Faso,2012,112.6,2.9903517,376.0371532,3.72503,58.0942,0.823,NA,0.609,0.046,90,NA,NA,0.9,44,24.3,46.9,NA,5.793,NA,2003.6647,NA,52.917572,19.646593,4.60267258,4.60267,1.0645012
Burkina Faso,2013,108.6,2.9383118,361.2648174,5,63.5243,0.777,NA,0.44,0.046,88,NA,NA,0.9,47,20.9,46.4,NA,5.697,132,2057.064,NA,52.600266,20.628317,5.56331587,5.56332,1.6123651
Burkina Faso,2014,104.7,2.8846014,344.1514555,6,68.5396,0.683,NA,0.444,0.047,91,NA,NA,0.8,62,20,46,NA,5.595,123.76,2083.1985,35,52.282726,21.621008,5.00027227,5.00027,1.6268524
Burkina Faso,2015,101.1,2.8315601,327.8497586,6.55,76.9373,0.4,NA,0.646,0.064,91,47.2,NA,0.8,44,22.8,45.7,NA,5.478,136.99,2101.7026,NA,51.965134,22.623724,5.13192415,5.13192,1.4561876
Burkina Faso,2016,97.7,2.7866216,313.020797,7.14,79.6698,0.392,NA,0.635,0.062,91,NA,NA,0.8,50,18.9,45,NA,5.331,124,2162.7258,NA,51.648056,23.635868,5.95284653,5.95486,2.3869312
Burkina Faso,2017,94.3,2.737488,298.3775296,7.79,90.2081,0.382,NA,0.852,0.082,91,NA,NA,0.7,55,16.2,44.5,NA,5.17,113.43,2232.2878,NA,51.33083,24.655891,6.12075186,6.05966,2.68795
Burkina Faso,2018,91.2,2.6847174,286.0762089,8.5,94.622,0.376,NA,NA,0.083,91,NA,NA,0.7,63,17.7,44.2,NA,4.921,NA,2316.3943,39,51.014366,25.683556,4.94427681,4.99954,2.1252353
Burkina Faso,2019,88.2,2.6342955,274.2498146,9.27181,97.1499,0.359,NA,0.899,0.091,91,NA,NA,0.7,71,16.4,43.9,NA,4.681,100.58,2391.5364,30,50.699615,26.718569,5.35001135,5.36803,2.236028
Burkina Faso,2020,85.3,2.590831,334.0545058,10.7927,102.973,0.349,0.2,0.916,0.096,91,NA,NA,0.6,80,12.7,43.7,NA,4.44,92.94,2380.9316,NA,50.386265,27.759748,6.89469957,6.57715,2.8451433
Burkina Faso,2021,82.5,2.5422826,354.0519257,12.5631,112.198,0.37,NA,0.92,0.101,91,72.1,NA,0.6,87,16.9,43.6,NA,4.361,NA,2486.431,36.96738,50.07527,28.806803,7.08691931,6.40748,2.7305827
Burkina Faso,2022,79.9,2.4943428,316.2672675,14.6238,119.463,0.323,NA,1.097,0.147,91,NA,NA,0.6,90,NA,43.7,NA,4.275,NA,2469.1995,40.92361,49.766262,29.858593,7.41435528,6.77182,2.628704
Burundi,2000,153.7,3.6561713,860.2217588,0.0772484,0.252234,0.309,NA,NA,0.052,80,NA,NA,3.4,0,39.1,32.9,NA,6.872,NA,1033.4719,59,49.905003,45.8832,4.22181606,4.22182,1.4650724
Burundi,2001,148.5,3.599726,798.8616264,0.106001,0.50368,0.31,NA,NA,NA,81,NA,NA,3.1,0,NA,31.9,NA,6.849,NA,1028.6185,NA,50.607635,45.976227,5.68180418,5.6818,1.692442
Burundi,2002,143,3.5389102,743.4967588,0.118228,0.762002,0.324,NA,NA,NA,81,NA,NA,2.8,2,NA,31,NA,6.819,NA,1044.4802,NA,51.313587,46.071453,5.34983587,5.34984,1.5355022
Burundi,2003,137.3,3.465502,704.7974042,0.201273,0.908684,0.339,NA,NA,NA,82,NA,NA,2.6,4,NA,30.1,NA,6.785,86.67,999.6158,NA,52.022446,46.169025,5.27245188,5.27245,1.3550808
Burundi,2004,131,3.3905528,686.6136056,0.34906,1.37553,0.38,NA,0.189,0.028,83,NA,NA,2.4,8,NA,29.3,NA,6.746,93.32,1009.5892,NA,52.734146,46.07445,7.09572744,7.09573,2.368194
Burundi,2005,124.1,3.3032916,685.0823579,0.542143,2.01653,0.366,NA,NA,NA,87,NA,NA,2.2,18,35.2,28.5,27.9,6.708,NA,981.5332,NA,53.448635,45.978077,7.56016588,7.56017,2.0624807
Burundi,2006,116.8,3.210775,670.4769913,0.657593,2.54273,0.355,NA,NA,NA,92,NA,NA,2,22,NA,27.8,NA,6.659,72.28,998.06946,NA,54.166195,45.87975,8.71264839,8.71265,2.3640134
Burundi,2007,109.7,3.1082897,654.5402009,0.7,3.30806,0.349,NA,NA,NA,99,NA,NA,1.9,22,NA,27.2,NA,6.588,NA,994.96356,NA,54.886414,45.77938,9.1855402,9.18554,2.4638324
Burundi,2008,102.8,3.0075634,634.565699,0.81,5.65018,0.358,NA,NA,NA,92,NA,NA,1.8,31,NA,26.6,NA,6.515,65.48,1001.6175,48,55.6099,45.67678,7.74147511,7.74148,1.5591383
Burundi,2009,96.6,2.9080763,612.3844625,0.9,10.2904,0.348,NA,NA,NA,94,NA,NA,1.7,34,NA,26.2,NA,6.409,85.97,988.19635,NA,56.335583,45.571915,9.23238468,9.23238,2.0807962
Burundi,2010,90.8,2.8043706,614.3620533,1,17.8962,0.373,NA,0.637,0.046,96,33.4,NA,1.6,57,29.1,26.1,NA,6.26,86.93,991.0389,NA,57.064716,45.464508,11.28196716,11.28197,1.9852922
Burundi,2011,85.3,2.7090032,597.0471545,1.11,19.7015,0.309,NA,0.615,0.038,96,NA,NA,1.6,60,NA,26.3,NA,6.108,84.52,994.6912,NA,57.79689,45.35445,10.06996346,10.06996,3.4710758
Burundi,2012,80.2,2.6140707,575.0948226,1.22,22.3128,0.173,0.99,0.646,0.051,96,NA,NA,1.5,64,27.9,26.8,NA,5.991,74.77,1002.27454,NA,58.531693,45.24162,8.63756466,8.63756,2.669491
Burundi,2013,75.5,2.525322,555.3503769,1.26422,24.3007,0.204,0.71,0.633,0.055,96,NA,NA,1.4,74,NA,27.5,NA,5.889,NA,1014.5231,NA,59.27002,45.12575,8.62834644,8.62835,1.5408697
Burundi,2014,71.3,2.4405093,533.3764147,1.04239,29.5678,0.201,0.69,0.634,0.058,95,NA,NA,1.4,86,NA,28.4,NA,5.794,63.77,1022.29156,62,60.0108,45.006775,7.21081543,7.21082,2.7867987
Burundi,2015,67.6,2.3665724,525.2421856,2,45.2379,0.197,NA,0.613,0.047,94,NA,NA,1.3,98,NA,29.4,NA,5.695,58.22,995.3191,NA,60.7546,44.88445,6.29044485,6.29023,2.4195447
Burundi,2016,64.4,2.3000236,500.5107082,2.2,47.6697,0.174,NA,NA,NA,94,NA,NA,1.2,100,29.3,30.5,NA,5.587,NA,1009.636,65.68774,61.501316,44.758583,7.06148243,7.06148,2.2358794
Burundi,2017,61.5,2.2414408,481.7360508,2.66075,51.4533,0.203,NA,0.802,0.097,91,49.3,51.1,1.2,100,NA,31.6,NA,5.481,NA,1023.9704,68,62.250854,44.628983,6.95230389,6.95276,2.0136244
Burundi,2018,59,2.185607,463.5457712,4,53.2737,0.209,NA,0.772,0.094,90,40.5,NA,1.1,100,29.6,32.6,NA,5.38,NA,1046.5951,NA,63.00311,44.495438,7.29396152,7.29396,2.0575192
Burundi,2019,56.7,2.1399162,449.4414822,6.1,53.2996,0.171,NA,0.644,NA,93,42.3,NA,1.1,100,27,33.7,NA,5.271,NA,1057.9501,NA,63.75799,44.35774,9.05940628,9.05011,2.277636
Burundi,2020,54.6,2.0929554,440.9910814,9.17302,52.5571,0.145,NA,0.946,0.07,93,40.7,NA,1,95,27.7,34.9,NA,5.177,NA,1030.7703,NA,64.40287,44.454807,10.70776176,10.71837,2.1569612
Burundi,2021,52.6,2.0482862,446.8201843,10.9847,59.7008,0.123,NA,0.963,0.065,94,35.9,NA,0.9,77,NA,36.1,NA,5.078,NA,1035.5386,NA,65.0493,44.554523,8.94190311,8.99484,2.2244782
Burundi,2022,50.8,2.0058143,412.286521,11.0009,56.26,0.112,NA,0.74,NA,91,34.9,NA,0.9,77,27.6,37.5,NA,4.98,NA,1031.2542,NA,65.69756,44.65696,8.6687746,8.39523,1.5851288
Cabo Verde,2000,36,NA,110.2140698,1.82244,4.35214,NA,NA,NA,NA,90,NA,NA,0.7,NA,NA,NA,NA,NA,NA,NA,NA,NA,NA,3.86025023,NA,NA
Cabo Verde,2001,32.8,NA,101.3438701,2.68533,6.84499,NA,NA,NA,NA,90,NA,NA,0.7,NA,NA,NA,NA,NA,NA,NA,NA,NA,NA,3.69652915,NA,NA
Cabo Verde,2002,30.5,NA,92.49740177,3.51876,9.19588,NA,NA,NA,NA,91,NA,NA,0.7,NA,NA,NA,NA,NA,NA,NA,NA,NA,NA,3.72489762,NA,NA
Cabo Verde,2003,29,NA,85.90388275,4.32489,11.2683,NA,NA,NA,NA,92,NA,NA,0.7,NA,NA,NA,NA,NA,NA,NA,NA,NA,NA,3.6274426,NA,NA
Cabo Verde,2004,28.2,NA,79.91977026,5.31883,13.7222,NA,2.07,0.874,0.493,93,NA,NA,0.7,NA,NA,NA,NA,NA,NA,NA,NA,NA,NA,3.54616308,NA,NA
Cabo Verde,2005,28,NA,74.91490945,6.07409,16.8457,NA,2.02,NA,NA,95,NA,NA,0.7,NA,NA,NA,NA,NA,NA,NA,NA,NA,NA,3.34086585,NA,NA
Cabo Verde,2006,28,NA,75.55447597,6.80891,22.183,NA,2.01,NA,NA,96,NA,NA,0.7,NA,NA,NA,NA,NA,NA,NA,NA,NA,NA,3.82406759,NA,NA
Cabo Verde,2007,28,NA,73.02080295,8.28322,30.6762,NA,2.05,NA,NA,98,NA,NA,0.7,NA,NA,NA,NA,NA,NA,NA,NA,NA,NA,3.84218621,NA,NA
Cabo Verde,2008,27.9,NA,68.13663085,14,55.3839,NA,NA,NA,NA,99,NA,NA,0.7,NA,NA,NA,NA,NA,NA,NA,NA,NA,NA,3.26951575,NA,NA
Cabo Verde,2009,27.5,NA,62.24380697,21,57.419,NA,2,0.98,0.487,99,NA,NA,0.7,NA,NA,NA,NA,NA,NA,NA,NA,NA,NA,3.55867004,NA,NA
Cabo Verde,2010,26.7,NA,60.7475328,30,72.9468,NA,2.03,1.065,0.56,99,NA,NA,0.7,NA,NA,NA,NA,NA,NA,NA,NA,NA,NA,4.08085394,NA,NA
Cabo Verde,2011,25.6,NA,54.54337955,32,77.5113,NA,2.11,1.062,0.554,90,NA,NA,0.7,NA,NA,NA,NA,NA,NA,NA,NA,NA,NA,3.92527819,NA,NA
Cabo Verde,2012,24.2,NA,50.99805898,34.74,83.0757,NA,2.19,1.076,0.487,94,NA,NA,0.7,NA,NA,NA,NA,NA,NA,NA,NA,NA,NA,4.6740551,NA,NA
Cabo Verde,2013,22.6,NA,49.84193902,37.5,97.5075,NA,2.09,0.787,0.571,93,NA,NA,0.7,NA,NA,NA,NA,NA,NA,NA,NA,NA,NA,4.82468271,NA,NA
Cabo Verde,2014,20.9,NA,47.90485375,40.26,119.724,NA,2.05,1.062,NA,95,NA,NA,0.8,NA,NA,NA,NA,NA,NA,NA,NA,NA,NA,4.85231543,NA,NA
Cabo Verde,2015,19.1,NA,46.38442878,42.683,119.336,NA,2.08,1.276,0.743,93,NA,NA,0.8,NA,NA,NA,NA,NA,NA,NA,NA,NA,NA,4.40073681,NA,NA
Cabo Verde,2016,17.6,NA,44.26496114,50.3228,117.442,NA,2.07,1.346,0.731,96,NA,NA,0.8,NA,NA,NA,NA,NA,NA,NA,NA,NA,NA,4.36134005,NA,NA
Cabo Verde,2017,16.2,NA,42.9001587,57.1621,119.374,NA,2.1,1.47,NA,96,NA,NA,0.8,NA,NA,NA,NA,NA,NA,NA,NA,NA,NA,4.48070955,NA,NA
Cabo Verde,2018,15.1,NA,42.75494831,59.5,118.876,NA,2.19,1.5,0.791,98,NA,NA,0.8,NA,NA,NA,NA,NA,NA,NA,NA,NA,NA,4.78548193,NA,NA
Cabo Verde,2019,14.1,NA,40.6626454,61.9434,115.868,NA,2.14,1.486,NA,96,NA,NA,0.9,NA,NA,NA,NA,NA,NA,NA,NA,NA,NA,4.82431316,NA,NA
Cabo Verde,2020,13.3,NA,56.00752292,69.3734,105.839,NA,NA,1.725,NA,93,NA,NA,0.9,NA,NA,NA,NA,NA,NA,NA,NA,NA,NA,7.03399324,NA,NA
Cabo Verde,2021,12.7,NA,55.74853845,70.2825,114.231,NA,NA,1.796,NA,93,NA,NA,0.9,NA,NA,NA,NA,NA,NA,NA,NA,NA,NA,6.60773611,NA,NA
Cabo Verde,2022,12.1,NA,41.66608544,72.7601,113.247,NA,2.21,1.828,NA,93,NA,NA,0.9,NA,NA,NA,NA,NA,NA,NA,NA,NA,NA,6.70243406,NA,NA
Cameroon,2000,144.4,3.5638468,678.044001,0.25212,0.692561,0.637,NA,NA,NA,62,NA,NA,5.5,0,NA,45.9,NA,5.514,NA,3822.9443,68,55.821365,37.56618,4.29573393,4.29573,0.64510846
Cameroon,2001,141.4,3.4816327,672.3946855,0.277051,2.72573,0.694,NA,NA,NA,63,NA,NA,5.6,0,NA,45.1,NA,5.441,NA,3884.873,NA,56.667637,37.779995,4.16830397,4.1683,0.7802825
Cameroon,2002,138.1,3.421249,658.2593329,0.360872,4.46094,0.705,NA,NA,NA,66,NA,NA,5.7,4,NA,44.3,NA,5.435,137.58,3951.4194,NA,57.495556,37.99471,4.02669907,4.0267,0.8917552
Cameroon,2003,134.7,3.3869839,644.7839269,0.587623,6.66446,0.603,NA,NA,NA,73,NA,NA,5.6,8,NA,43.5,NA,5.432,143.19,4054.7812,NA,58.304775,38.363335,3.90227985,3.90228,0.8576715
Cameroon,2004,131.3,3.3602417,633.3312453,0.976075,9.21627,0.599,NA,1.568,0.186,73,60.4,NA,5.6,13,15.1,42.8,NA,5.436,138.65,4222.9663,NA,59.09587,38.736763,3.72798991,3.72799,0.7055355
Cameroon,2005,128.1,3.3351507,628.5540316,1.40265,13.1922,0.588,NA,0.393,0.061,80,NA,NA,5.5,11,NA,42,38.8,5.421,131.73,4199.7227,NA,59.867645,39.11411,3.77274442,3.77274,0.65208685
Cameroon,2006,124.6,3.3081377,615.2239173,2.02874,17.8682,0.745,NA,NA,NA,81,NA,NA,5.4,24,16.5,41.2,NA,5.369,130.08,4241.5176,NA,60.62115,39.495995,3.73662829,3.73663,0.64810383
Cameroon,2007,121.3,3.2812889,604.7944137,2.93,25.1303,1.05,NA,0.456,0.072,82,NA,NA,5.2,24,NA,40.5,NA,5.343,134.53,4302.619,71,61.356525,39.882435,3.79498792,3.79499,0.5689299
Cameroon,2008,117.7,3.2499952,591.6683435,3.4,33.1693,1.37,NA,NA,NA,84,NA,NA,5.1,33,NA,39.7,NA,5.294,128.07,4300.2666,NA,62.073914,40.27345,3.65843678,3.65844,0.55071974
Cameroon,2009,114.3,3.217349,579.4864175,3.84,41.8758,2.28,NA,0.399,0.07,80,NA,NA,5,30,NA,38.9,NA,5.236,126.74,4286.577,NA,62.77306,40.668743,3.49997187,3.49997,0.4480082
Cameroon,2010,110,3.183318,561.8184479,4.3,43.9121,2.74,NA,0.545,0.086,84,NA,NA,4.8,47,NA,38.3,NA,5.154,123.73,4286.583,71,63.45451,41.068645,3.57742167,3.57742,0.4063552
Cameroon,2011,105.9,3.1471388,540.6160964,5,51.831,3.31,NA,0.947,0.09,81,62.2,NA,4.7,55,15.2,37.8,NA,5.052,144.69,4307.852,NA,64.11805,41.47285,3.85282946,3.85283,0.5729565
Cameroon,2012,101.6,3.1075923,499.8488483,7.5,62.9907,3.54,NA,NA,NA,79,NA,NA,4.5,65,NA,37.4,NA,4.982,118.77,4382.1113,NA,64.76384,41.881367,3.9310236,3.93102,0.6400877
Cameroon,2013,97.3,3.0670798,468.7979589,10,73.1912,3.73,NA,NA,NA,76,NA,NA,4.3,88,NA,37.2,NA,4.905,118.62,4473.5723,NA,65.39169,42.293877,3.63136435,3.63136,0.4803811
Cameroon,2014,93.1,3.0195267,439.8155217,16.2149,77.24,5.24,NA,NA,NA,76,58.8,NA,4.1,87,14.8,37.1,NA,4.844,132.15,4588.4863,NA,66.001816,42.710373,4.34148788,4.34149,0.5897738
Cameroon,2015,89,2.9693851000000002,417.2847152,18.3,79.7801,4.61,NA,NA,NA,76,NA,NA,3.9,91,NA,37.1,NA,4.841,NA,4698.667,NA,66.594406,43.130863,4.12600517,4.12601,0.36383638
Cameroon,2016,85.6,2.910298,393.3405701,20.6,79.8046,4.48,2.65,NA,NA,78,NA,NA,3.7,94,NA,37.2,NA,4.842,123.86,4767.132,NA,67.16967,43.55534,4.02253723,4.02254,0.36593068
Cameroon,2017,82.5,2.8504257,372.2009155,23.203,83.4503,3.67,NA,NA,NA,74,NA,NA,3.5,97,NA,37.3,NA,4.804,122.23,4797.9756,NA,67.727165,43.983112,3.79293942,3.79294,0.14120807
Cameroon,2018,79.7,2.7918203,354.3972052,29.7,74.3995,3.64,NA,0.369,0.13,68,NA,58.9,3.4,95,11,37.4,NA,4.74,NA,4851.48,72.54713,68.26777,44.414864,3.61970162,3.6197,0.35133773
Cameroon,2019,77.2,2.7338014,335.9672335,36.5392,83.9044,3.36,NA,NA,NA,67,64.9,NA,3.2,77,NA,37.6,NA,4.651,NA,4882.3555,NA,68.791084,44.849884,3.65157914,3.65158,0.40687224
Cameroon,2020,74.6,2.6789439,315.5090812,41.2264,85.2722,3.68,NA,0.486,0.097,68,NA,NA,3.1,77,NA,37.8,NA,4.557,105.28,4763.482,NA,69.297646,45.28851,4.25051928,4.25052,0.6067545
Cameroon,2021,72.1,2.6195436,342.2146842,42.0405,80.8081,3.22,NA,0.195,0.124,71,NA,NA,2.9,83,NA,38.1,NA,4.468,98.05,4793.556,NA,69.787125,45.730015,4.34109783,4.30539,0.48882192
Cameroon,2022,69.5,2.5684748,275.9929888,41.775,89.8274,3.24,NA,0.659,0.135,71,64.6,NA,2.8,79,NA,38.5,NA,4.397,NA,4843.6504,NA,70.26006,46.17472,4.49439144,4.47836,0.6683316
Central African Republic,2000,165.5,4.2960186,1489.749136,0.0533942,0.129571,0.247,NA,NA,NA,37,NA,NA,7.5,0,21.3,50.5,NA,5.851,NA,1245.814,51,59.01049,20.593967,4.3808217,4.38082,1.7200942
Central African Republic,2001,162.8,4.232397,1503.944962,0.0785434,0.280649,0.228,NA,NA,NA,40,NA,NA,7.3,1,NA,50,NA,5.807,NA,1272.857,NA,57.828575,20.547281,4.01043987,4.01044,1.5167992
Central African Republic,2002,159.4,4.16554,1495.715664,0.128537,0.314522,0.225,NA,NA,NA,44,NA,NA,7,0,NA,49.5,NA,5.785,NA,1290.3832,NA,56.65333,20.500593,4.23633623,4.23634,1.434237
Central African Republic,2003,156,4.099188,1487.440771,0.151563,0.974876,0.232,NA,NA,NA,47,NA,NA,6.7,0,NA,49,NA,5.799,133.34,1191.8732,NA,55.484375,20.453606,4.18572474,4.18572,1.5427402
Central African Republic,2004,152.2,4.027571,1449.506959,0.223401,1.43102,0.239,NA,0.385,0.08,51,NA,NA,6.4,2,NA,48.6,NA,5.784,NA,1236.2854,NA,54.321705,20.406319,4.14367914,4.14368,1.4743973
Central African Republic,2005,148.4,3.956495,1388.772334,0.268196,2.33165,0.233,NA,NA,NA,54,NA,NA,6,5,NA,48.1,68.2,5.812,NA,1219.594,NA,53.172554,19.972149,4.22857571,4.22858,1.0355498
Central African Republic,2006,143.8,3.8877387,1336.845604,0.311159,2.5128,NA,1.2,NA,NA,51,NA,NA,5.7,16,26.1,47.6,NA,5.84,153.36,1251.8708,NA,52.03639,19.545044,4.31108665,4.31109,1.2270831
Central African Republic,2007,139.5,3.813429,1271.238839,0.375816,7.61859,NA,NA,NA,NA,48,NA,NA,5.5,17,NA,47,NA,5.867,158.57,1284.5529,NA,50.912987,19.124893,4.6338892,4.63389,1.271058
Central African Republic,2008,135.6,3.7472985,1233.969203,1,12.5028,NA,NA,0.183,0.0405,45,NA,NA,5.2,21,NA,46.3,NA,5.902,NA,1283.2728,NA,49.801464,18.71103,4.02635765,4.02636,0.8467684
Central African Republic,2009,478.9,4.271846,1271.635354,1.8,19.0689,0.0786,NA,0.242,0.045,42,NA,NA,5.1,28,NA,45.7,NA,5.936,165.28,1402.6816,NA,48.70128,18.303085,4.68325615,4.68326,0.73201287
Central African Republic,2010,149.2,3.6529715,1230.085929,2,21.7946,0.0207,NA,NA,NA,45,38.1,NA,4.9,24,23.5,45.1,NA,5.963,229,1479.4137,NA,47.612183,17.900951,3.56699872,3.567,0.5767178
Central African Republic,2011,125.4,3.5647979,1131.479738,2.2,21.7402,0.0179,1,NA,NA,47,NA,NA,4.6,31,NA,44.5,NA,6.009,NA,1517.1484,NA,46.53332,17.504011,3.67561865,3.67562,0.41518956
Central African Republic,2012,122.3,3.5219917,1092.497105,2.4,24.7918,0.0178,NA,NA,NA,47,NA,NA,4.4,35,24.5,44,NA,6.047,182.64,1577.9806,NA,45.464424,17.11216,3.91814446,3.91814,0.6226221
Central African Republic,2013,133.6,3.512171,1091.691099,2.5,29.3015,0.0172,NA,NA,NA,23,NA,NA,4.2,21,NA,43.7,NA,6.075,NA,996.89636,NA,44.404934,16.725042,4.76660204,4.7666,0.9841816
Central African Republic,2014,182.6,3.5645666,1034.404217,2.7,24.9962,0.0173,NA,NA,NA,45,NA,NA,4,36,20,43.4,NA,6.099,NA,1001.85596,NA,43.354,16.342083,4.56557369,4.56557,0.7110625
Central African Republic,2015,114.1,3.4202363,980.5402423,2.9,26.8397,0.0406,NA,0.2,0.067,43,NA,NA,3.8,41,NA,43.2,NA,6.126,179.71,1043.9218,NA,42.311348,15.963188,5.03434181,5.03434,0.45585203
Central African Republic,2016,126.1,3.4098332,962.4714599,3.1,26.4836,0.0417,NA,NA,NA,42,NA,NA,3.6,60,NA,43,NA,6.126,NA,1073.9448,NA,41.27664,15.588242,5.44402313,5.44402,0.5995343
Central African Republic,2017,152.4,3.425902,1093.459685,4,24.5204,0.0439,NA,NA,NA,42,NA,NA,3.4,45,NA,42.8,NA,6.127,182.39,1103.8661,NA,40.248814,15.216487,6.66541576,6.66542,0.72881997
Central African Republic,2018,119.8,3.3395748,881.3482544,5.1,26.2216,0.045,NA,0.245,0.066,40,NA,NA,3.3,50,19.7,42.7,NA,6.108,184.36,1125.7009,NA,39.227547,14.847836,10.99484062,10.99527,0.6885328
Central African Republic,2019,243.1,3.50435,1650.18956,7.50916,32.2627,0.0404,NA,NA,NA,38,41.4,NA,3.1,64,20.5,42.7,NA,6.09,NA,1145.0956,42.44279,38.212265,14.481982,7.76081514,7.7614,0.81889474
Central African Republic,2020,122.6,3.2561166,1296.178864,NA,36.426,0.0398,NA,NA,NA,37,NA,NA,3,58,NA,42.7,NA,6.059,NA,1136.5706,NA,37.202404,14.118635,8.98488045,8.98555,1.2214172
Central African Republic,2021,171.3,3.3033981,1127.064894,NA,35.817,0.0391,NA,0.204,0.021,35,NA,NA,2.8,63,NA,42.8,NA,6.052,NA,1128.5524,NA,36.19738,13.757507,9.15097523,9.15271,1.2639512
Central African Republic,2022,387.4,3.6244998,840.8235124,NA,38.8218,0.041,NA,0.499,NA,33,NA,NA,2.7,51,18.4,43,NA,6.023,NA,1136.8018,NA,36.295044,13.846294,9.94993496,9.95509,1.494992
Chad,2000,183.6,4.3998537,1207.780164,0.0357071,0.064614,0.121,NA,0.122,0.029,38,NA,NA,2.4,0,29.2,57.1,NA,7.249,NA,1506.7158,26,38.63259,9.692675,4.20697546,4.00527,1.5999483
Chad,2001,180.2,4.3053823,1204.359349,0.0459341,0.249883,0.121,NA,NA,NA,26,NA,NA,2.4,0,NA,56.7,NA,7.231,249.32,1626.5668,NA,39.213894,9.775113,4.08039331,3.88476,1.4227039
Chad,2002,176.8,4.2206273,1198.997449,0.16607,0.375157,0.13,NA,NA,NA,25,NA,NA,2.3,0,NA,56.3,NA,7.201,253.57,1704.273,NA,39.797512,9.85771,5.60251188,5.3339,1.6158923
Chad,2003,173.4,4.1402755,1169.995929,0.320309,0.685088,0.131,NA,NA,NA,23,NA,NA,2.2,0,NA,55.9,NA,7.179,187.08,1878.5858,NA,40.384342,9.940811,4.24698305,4.04336,1.3392366
Chad,2004,170,4.0615635,1167.110682,0.36092,1.23991,0.131,NA,0.252,0.036,22,17.8,NA,2.2,0,33.9,55.5,NA,7.16,234.74,2400.97,28,40.973915,10.024244,4.23982859,4.03655,1.4785174
Chad,2005,166.5,3.9918811,1188.594429,0.399258,2.03329,0.126,NA,NA,NA,26,NA,NA,2.1,0,NA,55,50.1,7.134,NA,2705.8164,NA,41.566216,10.108011,3.73196912,3.5529,1.1023517
Chad,2006,162.9,3.9352946,1219.981456,0.581046,4.35335,0.187,NA,0.177,0.036,41,NA,NA,2,3,NA,54.4,NA,7.118,185.62,2596.0325,NA,42.16124,10.192111,3.73417258,3.53793,0.7637951
Chad,2007,159.2,3.8925169,1240.364516,0.847225,8.28717,0.289,NA,NA,NA,29,NA,NA,1.9,4,NA,53.9,NA,7.092,203.4,2613.4739,NA,42.75939,10.276746,3.47199655,3.14605,0.8176428
Chad,2008,155.4,3.8586833,1264.224413,1.19,13.9418,0.392,NA,NA,NA,19,NA,NA,1.8,8,NA,53.2,NA,7.063,NA,2601.3613,NA,43.35981,10.361518,3.16359782,2.94988,0.61977834
Chad,2009,151.5,3.8280377,1284.858812,1.5,19.1808,0.49,NA,NA,NA,26,NA,NA,1.8,11,NA,52.6,NA,7.021,188.26,2474.7075,NA,43.962914,10.483584,3.36260128,3.18316,0.7011381
Chad,2010,147.7,3.798303,1284.382883,1.7,23.3526,0.416,NA,NA,NA,40,23.1,NA,1.7,18,30.3,52,NA,6.99,221.76,2717.4055,NA,44.57603,10.614401,3.08810997,3.04079,0.6479354
Chad,2011,143.9,3.761343,1264.195513,1.9,28.739,0.25,NA,NA,NA,33,NA,NA,1.7,22,NA,51,NA,6.948,NA,2741.0708,NA,45.198856,10.754544,2.85585785,2.93421,0.6024689
Chad,2012,140.1,3.7262182,1244.884111,2.1,33.3229,0.211,NA,0.269,0.041,40,NA,NA,1.6,30,NA,50.1,NA,6.905,196.82,2886.2747,NA,45.83146,10.904855,2.67306423,2.95897,0.65627456
Chad,2013,136.5,3.6792002,1216.102042,2.5,33.3154,0.229,NA,0.296,0.043,39,NA,NA,1.5,50,NA,49.3,NA,6.839,179.37,2864.113,NA,46.473095,11.065715,2.95766044,3.12303,0.8354422
Chad,2014,133,3.628792,1197.802593,2.9,37.0123,0.166,NA,0.254,0.044,36,NA,NA,1.5,71,NA,48.5,NA,6.781,NA,2820.678,NA,47.123417,11.237749,3.29708338,3.28551,0.9409156
Chad,2015,129.3,3.5748003,1176.03091,3.5,37.3153,0.116,0.47,0.243,0.049,42,31,16,1.4,55,25,47.8,NA,6.706,196.98,2822.5793,NA,47.782433,11.421879,3.40253925,3.41505,0.723524
Chad,2016,125.7,3.5212512,1133.239383,5.8,36.9556,0.0882,NA,0.206,0.037,41,NA,NA,1.4,53,NA,47.1,NA,6.623,NA,2622.598,22,48.449753,11.618792,3.70842481,3.60403,0.6442841
Chad,2017,122,3.4688187,1084.986459,6.4,40.7649,0.0555,0.44,0.223,0.043,41,NA,NA,1.3,59,24.3,46.5,NA,6.537,156.88,2496.2622,NA,49.124966,11.829193,3.51023412,3.51023,0.52580875
Chad,2018,118.3,3.4084108,1020.293719,7,43.2279,0.0559,NA,0.297,0.052,47,NA,NA,1.2,71,24.7,46.3,NA,6.464,138.45,2552.3704,NA,49.808006,12.054119,3.2893219,3.28932,0.46814004
Chad,2019,114.6,3.358258,957.776542,7.6,45.9379,0.0391,NA,0.134,0.053,53,NA,NA,1.2,81,29.2,46.2,NA,6.412,NA,2604.5315,30.62792,50.498062,12.294019,3.38471627,3.38254,0.51349735
Chad,2020,111,3.3003962,877.2994277,8.34311,50.4343,0.031,0.15,0.194,0.06,55,NA,NA,1.1,82,18.9,46.1,NA,6.346,NA,2513.0293,NA,51.195377,12.550321,4.35215092,4.45331,0.5516797
Chad,2021,107.6,3.2475815,868.6261291,13.1283,58.0323,0.0297,NA,0.191,0.058,62,NA,NA,1.1,84,21.4,46.1,NA,6.255,NA,2435.0728,NA,51.8991,12.823519,3.9722333,4.17852,0.7364758
Chad,2022,104.3,3.1874647,775.4962686,12.4865,65.4378,0.0284,NA,0.208,0.085,66,NA,NA,1,74,18.2,46.3,NA,6.215,NA,2449.4824,NA,51.99515,12.922067,4.15823555,4.5255,0.925891
Comoros,2000,79.6,3.467153,476.3180839,0.271741,0,1.26,NA,NA,NA,70,NA,NA,0.1,NA,25.1,32.5,NA,5.227,NA,2858.857,68,87.33876,24.425114,7.51525021,7.52075,0.8917255
Comoros,2001,76.5,3.3929448,440.2712491,0.443068,0,1.62,NA,NA,NA,70,NA,NA,0.1,NA,NA,31.7,NA,5.195,NA,2952.4424,NA,87.528809999999993,26.154566,6.6571784,6.66054,0.5343321
Comoros,2002,73.6,3.323524,427.6542955,0.55487,0,1.84,NA,NA,NA,89,NA,NA,0.1,NA,NA,30.9,NA,5.155,91.62,3023.5244,NA,87.426476,27.710789,6.68594599,6.68823,0.9567059
Comoros,2003,70.7,3.2651863,399.8733314,0.848189,0.351002,2.32,NA,NA,NA,80,NA,NA,0.1,NA,NA,30.2,NA,5.115,66,3023.19,NA,87.322685,29.248087,6.66024828,6.66025,0.85293937
Comoros,2004,68,3.2075696,385.0725102,1.32733,1.44273,2.6,NA,1.013,0.198,76,NA,NA,0.1,NA,NA,29.6,NA,5.065,NA,3058.3833,NA,87.2175,30.766853,6.58576155,6.58576,0.7913319
Comoros,2005,65.5,3.148928,372.9263994,2,2.61913,2.86,NA,0.58,0.196,68,NA,NA,0.1,NA,NA,28.9,21.5,5.012,89.18,3166.3628,NA,87.11132,32.269653,6.13142872,6.12671,0.69429
Comoros,2006,63.1,3.0911822,359.9714982,2.2,6.09786,3.15,2.2,NA,NA,69,NA,NA,0.1,NA,NA,28.3,NA,4.934,NA,3048.6924,NA,87.00425,33.75606,5.77341843,5.77342,0.6453765
Comoros,2007,60.8,3.0353675,351.5706483,2.5,10.0667,4.22,NA,NA,NA,75,NA,NA,0.1,NA,NA,27.8,NA,4.859,NA,3012.5474,NA,86.89642,35.225655,5.41753864,5.41754,0.56597984
Comoros,2008,58.8,2.9788904,334.2063832,3,14.5781,4.58,NA,NA,NA,81,NA,NA,0.1,NA,NA,27.3,NA,4.805,74.7,3070.3696,NA,86.7879,36.67786,5.06897497,5.06897,0.43337327
Comoros,2009,56.9,2.9277372,320.4059577,3.5,19.0975,4.8,NA,0.737,0.199,83,NA,NA,0.1,NA,NA,26.9,NA,4.778,NA,3107.453,NA,86.67883,38.11242,4.92694378,4.92694,0.3790723
Comoros,2010,55.1,2.8761237,305.1964455,5.1,25.2396,3.24,2.16,NA,NA,74,NA,NA,0.1,NA,NA,26.6,NA,4.755,71.05,3161.3748,NA,86.56937,39.529037,4.99181557,4.99182,0.37668347
Comoros,2011,53.6,2.8171558,290.8058146,5.5,32.3982,3.46,NA,NA,NA,83,NA,NA,0.1,NA,NA,26.3,NA,4.722,70.27,3227.2166,NA,86.45953,40.927017,5.3021183,5.30212,0.9567222
Comoros,2012,52.1,2.7633312,274.4350102,5.9753,41.5931,3.52,NA,NA,0.18,86,48.9,48.8,0.1,NA,16.9,26.3,NA,4.652,NA,3263.163,NA,86.34947,42.306072,5.17354631,5.17355,0.7953438
Comoros,2013,50.8,2.7080472,259.6486801,6.5,49.9144,3.3,NA,NA,NA,83,NA,NA,0.1,NA,NA,26.3,NA,4.572,NA,3337.5986,NA,86.23936,43.66588,5.10299301,5.10299,0.65978307
Comoros,2014,49.7,2.6601279,246.9820513,6.98,53.8297,3.3,NA,NA,NA,80,NA,NA,0.1,NA,NA,26.4,NA,4.489,NA,3334.5752,NA,86.12919,45.00579,5.23849726,5.2385,0.55491424
Comoros,2015,48.7,2.6148472,236.589879,7.45916,58.4556,2.01,NA,NA,NA,80,NA,NA,0.1,NA,NA,26.6,NA,4.42,NA,3302.3862,NA,86.01918,46.32559,4.60089922,4.6009,0.46612623
Comoros,2016,47.6,2.572223,225.4506013,7.93832,61.2598,1.76,NA,NA,0.29,75,NA,NA,0.1,NA,NA,27,NA,4.348,NA,3342.7668,NA,85.90943,47.624805,4.65263557,4.65264,0.57399994
Comoros,2017,46.6,2.5269818,218.7006423,8.47817,61.9708,2.27,NA,NA,NA,79,NA,NA,0.1,NA,NA,27.2,NA,4.278,74.36,3401.8523,NA,85.8,48.902924,5.26807451,5.26807,0.67584765
Comoros,2018,45.6,2.4827378,209.4765789,NA,64.6591,1.34,NA,1.507,0.283,77,NA,NA,0.1,NA,NA,27.5,NA,4.208,NA,3457.587,NA,85.691,50.159515,4.90318584,4.90319,0.7655383
Comoros,2019,44.6,2.4384196,202.4464869,16.3838,73.1292,1.28,NA,NA,NA,78,NA,NA,0.1,NA,NA,27.8,NA,4.138,NA,3451.4214,NA,85.58266,51.39425,5.18044472,5.18044,0.8324475
Comoros,2020,43.5,2.3938093,198.4961934,22.4204,97.4339,0.944,NA,1.582,0.439,74,NA,NA,0.1,NA,NA,28.1,NA,4.071,NA,3377.7456,NA,85.47501,52.6066,5.902421,5.90242,1.2928767
Comoros,2021,42.4,2.349979,214.799208,30.6812,104.311,0.905,NA,NA,NA,72,NA,NA,0.1,NA,NA,28.6,NA,3.999,NA,3377.8853,NA,85.36818,53.79612,6.46315002,6.43369,0.94517165
Comoros,2022,41.1,2.3011062,186.1627008,32.7685,100.549,0.883,NA,1.644,NA,78,64.3,NA,0.1,NA,9.1,29.3,NA,3.935,NA,3399.2783,NA,85.262344,54.962368,8.47119522,8.38039,0.8734315
Congo,2000,113.7,3.0656934,509.496747,0.026354699999999998,2.22127,0.698,NA,NA,NA,33,NA,NA,4.5,0,NA,56.7,NA,4.724,NA,7570.583,NA,58.39881,11.920112,1.50500846,1.50501,0.5146952
Congo,2001,110.7,3.016299,488.9597685,0.0322236,4.5836,0.672,NA,NA,NA,31,NA,NA,4.3,0,NA,56.5,NA,4.67,112.87,7567.439,NA,58.69239,11.968472,2.18529987,2.1853,0.9651176
Congo,2002,106,2.9432888,464.4286222,0.15725,6.61937,0.657,NA,NA,NA,41,NA,NA,4.2,2,NA,56.2,NA,4.697,108.74,7729.3887,NA,59.184223,12.294256,1.70167828,1.70168,0.43198308
Congo,2003,100.1,2.8554556,435.5196255,0.460014,9.57701,0.203,NA,NA,NA,50,NA,NA,4,3,NA,56,NA,4.696,131.49,7577.4565,NA,59.673695,12.623677,1.91852403,1.91852,0.50115985
Congo,2004,93.5,2.757999,399.8840746,1.0775,10.76,0.388,NA,1.03,0.213,67,NA,NA,3.9,5,NA,55.6,NA,4.69,128.77,7577.446,NA,60.618156,13.081525,1.92152369,1.92152,0.43517572
Congo,2005,86.6,2.6522956,385.000897,1.46342,15.101,0.43,1.6,NA,NA,63,74.7,NA,3.7,4,11.9,55.3,24.6,4.669,NA,7876.118,76,61.560955,13.55111,1.71774101,1.71774,0.432135
Congo,2006,80.2,2.550357,393.7057254,2.00799,23.909300000000002,0.358,NA,1.368,0.205,74,NA,NA,3.6,5,NA,54.8,NA,4.651,NA,8192.58,NA,62.50179,14.0325365,1.70861316,1.70861,0.5549219
Congo,2007,74.3,2.4588492,370.4433557,2.7597,32.349,0.337,NA,0.877,0.101,73,NA,NA,3.5,9,NA,54.3,NA,4.649,115.56,7375.8247,NA,63.44091,14.526042,1.90200174,1.902,0.5865186
Congo,2008,69.5,2.3793497,394.6089974,4.28751,43.9283,0.22,NA,NA,NA,80,NA,NA,3.5,16,NA,53.6,NA,4.726,NA,7587.288,NA,64.37912,15.03204,2.2392714,2.23927,1.0992863
Congo,2009,65.5,2.314724,414.184664,4.5,68.866,0.271,NA,NA,NA,80,NA,NA,3.4,8,NA,52.9,NA,4.808,146.63,8138.45,NA,65.31599,15.550691,2.1422224,2.14222,0.6177095
Congo,2010,62.5,2.2624135,382.4591632,5,83.3372,0.3,NA,0.418,0.111,76,NA,NA,3.4,10,NA,52.2,NA,4.851,147.27,8583.662,NA,66.251595,16.082312,1.85172856,1.85173,0.8283878
Congo,2011,60.2,2.2210753,378.101483,5.6,84.2731,0.308,NA,1.706,0.158,83,NA,NA,3.4,23,11.8,51.5,NA,4.826,NA,8492.421,NA,67.18444,16.626755,1.75237322,1.75237,0.65133953
Congo,2012,58.2,2.185225,374.2399945,6.1067,90.3529,0.315,NA,NA,NA,85,78.9,63.8,3.3,19,NA,50.9,NA,4.785,114.83,9079.687,NA,68.11463,17.184332,1.90971065,1.90971,0.8189365
Congo,2013,56.4,2.1471171,320.2702011,6.6,95.9371,0.323,NA,0.941,NA,85,NA,NA,3.3,24,NA,50.3,NA,4.731,111.27,8798.494,NA,69.041725,17.755209,1.94347155,1.94347,0.93665
Congo,2014,54.5,2.1088512,302.3386732,7.11,99.08,0.328,NA,0.695,NA,90,NA,NA,3.3,20,12.3,49.7,NA,4.665,NA,9159.257,NA,69.964806,18.33936,1.97311735,1.97312,0.94694966
Congo,2015,52.7,2.0712214,284.0717281,7.61597,102.323,0.333,NA,0.756,NA,80,79,NA,3.2,19,NA,49.3,NA,4.607,NA,8977.707,NA,70.883484,18.936928,2.45668483,2.45668,1.1188315
Congo,2016,50.9,2.0307841,262.7421392,8.12195,103.858,0.326,NA,0.888,0.102,71,NA,NA,3.2,11,NA,48.8,NA,4.546,NA,8001.8257,NA,71.79735,19.548052,2.59422994,2.59423,1.11958
Congo,2017,49.3,1.990803,262.0585441,8.65,94.4868,0.318,NA,NA,NA,69,NA,NA,3.2,12,NA,48.4,NA,4.496,NA,7372.7705,NA,72.706024,20.172878,2.36476016,2.36476,0.9073548
Congo,2018,47.7,1.9520192,259.0460773,NA,91.189,NA,NA,0.927,0.1,75,NA,NA,3.2,8,NA,48,NA,4.442,NA,7029.3364,NA,72.902054,20.26857,1.75584984,1.75585,0.6202537
Congo,2019,52.4,1.922281,245.2589583,NA,91.0654,0.303,NA,NA,NA,79,NA,NA,3.2,8,NA,47.6,NA,4.38,NA,6939.369,NA,73.09808,20.364264,2.34771276,2.34771,1.0292524
Congo,2020,44.7,1.875491,247.2233339,24.8206,97.6561,0.296,NA,NA,NA,73,NA,NA,3.2,14,NA,47.2,NA,4.329,NA,6350.5093,NA,73.29368,20.459745,4.01775074,4.01775,1.7344497
Congo,2021,43.3,1.8382246,301.3650767,33.3461,95.8615,NA,NA,NA,NA,77,NA,NA,3.2,24,NA,47,NA,4.28,NA,6263.2114,NA,73.48842,20.55481,3.46133351,3.4934,1.7202053
Congo,2022,41.9,1.8013622,240.8024069,37.4939,93.6259,0.292,NA,1.121,0.175,78,NA,NA,3.2,23,NA,46.8,NA,4.215,NA,6205.105,NA,NA,NA,2.30011368,2.19225,0.8051857
Democratic Republic of the Congo,2000,159.2,NA,585.365748,0.00590211,0.0296986,NA,NA,NA,NA,30,NA,NA,2.1,NA,NA,NA,NA,NA,NA,NA,NA,NA,NA,1.46594739,NA,NA
Democratic Republic of the Congo,2001,154.8,NA,588.3939152,0.0114758,0.287728,NA,NA,NA,NA,30,NA,NA,2,NA,NA,NA,NA,NA,NA,NA,NA,NA,NA,2.62310982,NA,NA
Democratic Republic of the Congo,2002,150.2,NA,601.4283385,0.0927907,1.04185,NA,NA,NA,NA,38,NA,NA,1.9,NA,NA,NA,NA,NA,NA,NA,NA,NA,NA,2.57012939,NA,NA
Democratic Republic of the Congo,2003,145.5,NA,604.7000316,0.134915,2.25179,NA,NA,NA,NA,42,NA,NA,1.8,NA,NA,NA,NA,NA,NA,NA,NA,NA,NA,3.73353338,NA,NA
Democratic Republic of the Congo,2004,140.7,NA,606.6716841,0.196208,3.49263,NA,NA,0.529,0.107,54,NA,NA,1.8,NA,NA,NA,NA,NA,NA,NA,NA,NA,NA,4.33564186,NA,NA
Democratic Republic of the Congo,2005,135.9,NA,612.5145506,0.238038,4.67216,NA,NA,NA,NA,61,NA,NA,1.7,NA,NA,NA,NA,NA,NA,NA,NA,NA,NA,3.98558235,NA,NA
Democratic Republic of the Congo,2006,131.1,NA,618.8113974,0.296054,7.28434,NA,0.8,NA,NA,62,NA,NA,1.6,NA,NA,NA,NA,NA,NA,NA,NA,NA,NA,4.06210661,NA,NA
Democratic Republic of the Congo,2007,126.5,NA,630.5016458,0.37,10.551,NA,NA,NA,NA,65,NA,NA,1.5,NA,NA,NA,NA,NA,NA,NA,NA,NA,NA,3.89384961,NA,NA
Democratic Republic of the Congo,2008,121.9,NA,619.6251797,0.44,15.4333,NA,NA,NA,NA,68,NA,NA,1.4,NA,NA,NA,NA,NA,NA,NA,NA,NA,NA,4.31254816,NA,NA
Democratic Republic of the Congo,2009,117.5,NA,608.3976644,0.56,14.2422,NA,NA,0.385,0.091,71,NA,NA,1.4,NA,NA,NA,NA,NA,NA,NA,NA,NA,NA,4.51133156,NA,NA
Democratic Republic of the Congo,2010,113.5,NA,600.7433814,0.72,17.2401,NA,NA,NA,NA,60,NA,NA,1.3,NA,NA,NA,NA,NA,NA,NA,NA,NA,NA,3.72224283,NA,NA
Democratic Republic of the Congo,2011,109.6,NA,589.2709777,1.2,22.0819,NA,NA,NA,NA,70,NA,NA,1.2,NA,NA,NA,NA,NA,NA,NA,NA,NA,NA,3.19435549,NA,NA
Democratic Republic of the Congo,2012,106,NA,578.0870177,1.67996,27.4285,NA,NA,NA,NA,71,NA,NA,1.2,NA,NA,NA,NA,NA,NA,NA,NA,NA,NA,3.2215035,NA,NA
Democratic Republic of the Congo,2013,102.5,NA,566.6123609,2.2,37.2505,NA,NA,0.81,0.087,71,NA,NA,1.1,NA,NA,NA,NA,NA,NA,NA,NA,NA,NA,3.34057522,NA,NA
Democratic Republic of the Congo,2014,99,NA,557.9723262,3,47.3232,NA,NA,NA,NA,73,NA,NA,1.1,NA,NA,NA,NA,NA,NA,NA,NA,NA,NA,3.72520614,NA,NA
Democratic Republic of the Congo,2015,95.6,NA,545.4056475,3.8,46.5879,NA,NA,0.892,NA,70,NA,NA,1,NA,NA,NA,NA,NA,NA,NA,NA,NA,NA,3.74785447,NA,NA
Democratic Republic of the Congo,2016,92.3,NA,526.4813246,10.1,34.4099,NA,NA,0.556,NA,70,NA,NA,1,NA,NA,NA,NA,NA,NA,NA,NA,NA,NA,4.20027828,NA,NA
Democratic Republic of the Congo,2017,89.3,NA,519.1102677,8.6199,40.6223,NA,NA,0.839,NA,71,NA,NA,0.9,NA,NA,NA,NA,NA,NA,NA,NA,NA,NA,4.00057793,NA,NA
Democratic Republic of the Congo,2018,86.3,NA,508.1336799,11.7,40.5014,NA,NA,1.036,0.362,71,NA,NA,0.9,NA,NA,NA,NA,NA,NA,NA,NA,NA,NA,3.24127173,NA,NA
Democratic Republic of the Congo,2019,83.5,NA,492.9298648,16.4812,39.94,NA,NA,1.045,0.167,73,NA,NA,0.9,NA,NA,NA,NA,NA,NA,NA,NA,NA,NA,3.508039,NA,NA
Democratic Republic of the Congo,2020,80.7,NA,489.4758884,21.6422,42.5028,NA,NA,NA,NA,70,NA,NA,0.9,NA,NA,NA,NA,NA,NA,NA,NA,NA,NA,3.97694445,NA,NA
Democratic Republic of the Congo,2021,78.1,NA,506.9821189,28.4193,47.2883,NA,NA,1.047,0.177,65,NA,NA,0.8,NA,NA,NA,NA,NA,NA,NA,NA,NA,NA,3.86727977,NA,NA
Democratic Republic of the Congo,2022,75.7,NA,455.8092798,29.4996,48.6774,NA,NA,1.168,0.187,65,NA,NA,0.8,NA,NA,NA,NA,NA,NA,NA,NA,NA,NA,3.9417696,NA,NA
Djibouti,2000,99.5,4.3217354,501.0375531,0.194501,0.0307767,1.3,NA,NA,NA,46,NA,NA,3.6,0,NA,32.2,NA,4.601,NA,NA,NA,74.30963,43.80056,3.39641857,3.39642,1.4098289
Djibouti,2001,97.2,4.2665944,441.3659379,0.343526,0.388947,1.29,NA,NA,NA,53,NA,NA,3.6,0,NA,31.5,NA,4.518,NA,NA,NA,74.52757,43.821297,3.1960845,3.19608,1.2508521
Djibouti,2002,94.8,4.2065363,403.6456838,0.486972,1.88543,1.27,NA,0.691,NA,62,7.1,NA,3.6,0,NA,30.8,NA,4.41,30.96,NA,NA,74.74509,43.842033,3.75243783,3.75244,1.2856125
Djibouti,2003,92.4,4.1518044,390.7255912,0.62594,2.82722,1.25,NA,NA,NA,68,NA,NA,3.5,3,NA,30.1,NA,4.296,NA,NA,NA,74.96217,43.862774,4.27048731,4.27049,1.5029814
Djibouti,2004,90,4.0942473,363.5218406,0.781317,4.17395,1.34,NA,0.358,0.158,64,NA,NA,3.4,4,NA,29.5,NA,4.162,NA,NA,NA,75.17883,43.88351,3.53544688,3.53545,1.4378548
Djibouti,2005,87.7,4.037189,315.4109202,0.953611,5.24961,1.26,NA,0.536,0.169,71,NA,NA,3.3,6,NA,28.9,35.2,4.035,23.57,NA,NA,75.39476,45.41391,3.80321956,3.80322,1.3965302
Djibouti,2006,85.3,3.977279,297.9443058,1.27004,5.23707,1.32,NA,NA,0.218,72,NA,NA,3.2,13,NA,28.3,NA,3.899,NA,NA,NA,75.61057,46.94023,4.21972466,4.21972,1.7249303
Djibouti,2007,82.8,3.9160802,284.9049084,1.62,7.9516,1.61,NA,NA,NA,88,NA,NA,3,15,NA,27.8,NA,3.756,NA,NA,NA,75.82596,48.462025,4.05262756,4.05263,1.7341745
Djibouti,2008,80.3,3.859168,272.5761296,2.26,12.6407,1.67,NA,NA,NA,89,NA,NA,2.8,13,NA,27.3,NA,3.621,18.18,NA,NA,76.04092,49.979263,3.6125772,3.61258,1.8301593
Djibouti,2009,78.1,3.7964385,262.6453677,4,14.1275,1.85,NA,NA,NA,89,NA,NA,2.7,10,NA,27,NA,3.521,20.6,NA,NA,76.255165,51.49145,3.63905573,3.63906,1.9036207
Djibouti,2010,75.9,3.7328978,242.8432564,6.5,17.803,1.99,NA,NA,NA,88,NA,NA,2.5,13,NA,26.8,NA,3.431,20.44,NA,NA,76.471825,53.00407,3.35699701,3.357,1.8562185
Djibouti,2011,73.6,3.6604533,229.4582282,7,20.3518,1.94,NA,NA,NA,87,NA,NA,2.4,17,24.2,26.9,NA,3.341,20.98,NA,NA,76.69075,54.51736,3.37387872,3.37388,2.1421807
Djibouti,2012,71.4,3.5858877,221.4029471,9.4,21.9776,2.06,1.1,NA,NA,81,25.7,NA,2.2,17,NA,27.2,NA,3.255,NA,NA,NA,76.911545,56.031033,3.29730988,3.29731,1.8886669
Djibouti,2013,69.3,3.516511,218.934978,12.7,24.7885,2.1,1.07,NA,NA,82,NA,NA,2,14,26,27.5,NA,3.187,NA,4469.074,NA,77.13434,57.545815,2.91782117,2.91782,1.8059175
Djibouti,2014,67.2,3.4460697,211.5086317,17,28.6271,2.19,1.18,0.653,0.203,78,NA,NA,1.9,30,NA,27.8,NA,3.116,NA,4705.0493,NA,77.35848,59.060863,2.95930099,2.9593,1.76028
Djibouti,2015,65.1,3.379935,210.0937347,22.9,30.8092,2.24,1.26,NA,NA,84,NA,NA,1.7,41,NA,28.1,NA,3.041,NA,4961.868,NA,77.58462,60.57796,3.3475771,3.3475799999999998,1.7076988
Djibouti,2016,63.3,3.3094485,204.4976007,30.8,33.2718,2.4,1.44,NA,NA,68,NA,NA,1.6,49,NA,28.5,NA,2.969,NA,5226.5005,NA,77.811844,62.0957,2.74166131,2.74166,1.3291976
Djibouti,2017,61.3,3.227949,201.0524292,55.6814,35.3657,3.47,1.42,NA,NA,76,NA,NA,1.5,33,NA,28.9,NA,2.916,NA,5421.9565,NA,78.0403,63.61479,2.47976375,2.46857,1.1462568
Djibouti,2018,59.4,3.155998,199.015178,57.0617,36.8545,3.44,1.4,NA,NA,84,NA,NA,1.4,36,NA,29.2,NA,2.858,NA,5590.5044,NA,78.26985,65.13541,2.530864,2.51872,1.3399156
Djibouti,2019,57.5,3.0934305,194.0045463,58.4762,38.0144,3.41,NA,NA,NA,85,NA,NA,1.3,32,16.2,29.5,NA,2.798,NA,5809.3047,NA,78.50038,66.65771,2.41347837,2.40641,1.285691
Djibouti,2020,55.6,3.0092008,191.5935048,59.9257,39.2725,3.52,NA,NA,NA,70,NA,NA,1.2,41,NA,29.9,NA,2.745,NA,5791.4775,NA,78.73176,66.74212,2.33861232,2.32228,1.0729066
Djibouti,2021,53.8,2.9533854,221.2705876,61.4112,43.6424,2.44,NA,NA,NA,59,NA,NA,1.1,41,NA,30.4,NA,2.699,NA,5960.108,NA,78.96363,66.83112,2.87128091,2.8867,0.76665086
Djibouti,2022,52.2,2.8759058,174.4108209,63.2573,46.7771,2.46,NA,0.194,NA,59,NA,NA,1,20,NA,31,NA,2.653,NA,6180.68,NA,79.195885,66.92472,2.52554536,2.49675,1.068191
Egypt,2000,46.6,2.246174,52.8140127,0.641265,1.86075,7.5,1.92,NA,2.118,98,36.7,NA,0.1,0,NA,33.7,NA,3.505,NA,9981.628,NA,98.99336,91.97457,4.92244291,4.92244,1.732069
Egypt,2001,43.9,2.1688533,49.90993395,0.838946,3.74243,8.97,1.92,NA,NA,99,NA,NA,0.1,0,NA,33.1,NA,3.46,47.32,10117.333,NA,98.92261,92.18866,5.40030336,5.4003,1.8480024
Egypt,2002,41.5,2.0981061,47.55678284,2.72,5.89553,10.2,1.9,NA,NA,97,NA,NA,0.1,0,NA,32.6,NA,3.412,48,10143.506,NA,98.85193,92.40278,5.5107379,5.51074,1.8990773
Egypt,2003,39.4,2.0316832,45.45566169,4.03789,7.44671,11.2,1.9,NA,0.507,98,55.6,NA,0.1,0,8.7,32.3,NA,3.352,47.91,10250.377,NA,98.78132,92.61691,5.2242527,5.22425,1.6676879
Egypt,2004,37.5,1.9711235,43.39958009,11.92,9.61664,11.9,1.92,1.847,NA,97,NA,NA,0.1,1,NA,31.9,NA,3.283,NA,10451.821,NA,98.71077,92.83107,4.85732365,4.85732,1.5791299
Egypt,2005,35.7,1.8979857,41.47065661,12.75,16.8057,12.8,1.88,NA,NA,98,58.5,NA,0.1,1,5.4,31.6,11.9,3.254,49.55,10700.609,67,98.64028,93.04524,4.92229176,4.92229,1.5893116
Egypt,2006,34.1,1.8182099,39.67700167,13.66,21.7666,13.1,2.08,2.172,NA,98,NA,NA,0.1,2,NA,31.2,NA,3.223,50.47,11211.832,66,98.56986,93.25943,4.84190083,4.8419,1.7442728
Egypt,2007,32.7,1.7404488,37.86995505,16.03,35.7084,13.3,1.82,NA,NA,98,NA,NA,0.1,1,NA,30.8,NA,3.237,NA,11782.006,NA,98.49889,93.47143,4.44493246,4.44493,1.5685594
Egypt,2008,31.2,1.6646122,36.07184788,18.01,48.0833,13.8,1.59,NA,NA,97,66,NA,0.1,0,6.8,30.3,NA,3.238,NA,12391.585,NA,98.42754,93.68212,4.46634817,4.46635,1.5361136
Egypt,2009,29.9,1.590157,34.18941741,20,63.2585,11.8,1.48,NA,NA,97,NA,NA,0.1,2,NA,29.9,NA,3.259,61.05,12728.081,NA,98.35621,93.892914,4.37870932,4.37871,1.5346106
Egypt,2010,28.6,1.5188217,32.49093541,21.6,79.2199,10.8,1.4,NA,NA,97,NA,NA,0.1,3,NA,29.6,NA,3.296,NA,13128.988,72,98.28486,94.10371,4.15319157,4.15319,1.3676873
Egypt,2011,27.4,1.4502785,30.69097624,25.6,91.5823,9.57,1.4,NA,NA,96,NA,NA,0.1,2,NA,29.3,NA,3.311,57.17,13082.427,NA,98.21353,94.3146,4.35707569,4.35708,1.4746011
Egypt,2012,26.2,1.3873355,28.96123109,26.4,103.905,9.19,1.38,NA,NA,93,NA,NA,0.1,3,NA,29,NA,3.4,56.49,13076.806,74,98.14157,94.52369,4.45891809,4.45892,1.2801424
Egypt,2013,25.2,1.3303808,27.45214257,29.4,104.585,7.15,1.37,1.831,NA,97,NA,NA,0.1,11,NA,28.9,NA,3.49,NA,13058.075,72,98.0696,94.732895,4.6710043,4.671,1.3669645
Egypt,2014,24.1,1.276898,25.74098716,33.8946,97.7313,6.48,1.34,1.813,0.745,94,82.8,81.5,0.1,9,7,28.8,NA,3.49,NA,13136.365,NA,97.99758,94.94212,4.77415323,4.77415,1.4103925
Egypt,2015,23.3,1.2277201,24.28899721,37.8194,94.3962,6.26,1.25,1.802,0.777,93,NA,NA,0.1,9,NA,28.8,NA,3.5,NA,13425.912,NA,97.925514,95.151405,5.06153202,5.06153,1.5813975
Egypt,2016,22.4,1.1819171,22.59566294,41.2481,96.2092,6.02,1.25,1.789,0.778,95,NA,NA,0.1,14,NA,29,NA,3.35,NA,13727.32,NA,97.85344,95.3608,5.07462406,5.07462,1.5663638
Egypt,2017,21.6,1.139378,21.34874367,44.9502,99.2884,6.37,1.27,1.792,0.757,94,NA,NA,0.1,14,NA,29.2,NA,3.31,NA,14018.36,71,97.78186,95.57162,5.34661913,5.34662,1.6559534
Egypt,2018,20.8,1.0988569,20.03531402,46.9243,88.7421,7.44,1.24,1.794,0.73,95,NA,NA,0.1,15,NA,29.5,NA,3.02,NA,14488.209,NA,97.710815,95.78382,4.74892998,4.74893,1.3518293
Egypt,2019,20.1,1.0601183,19.12714481,57.2829,88.6448,8.15,1.19,NA,0.709,95,NA,NA,0.1,17,NA,29.9,NA,2.87,46.9,15026.568,NA,97.64036,95.99745,4.5994668,4.59947,1.2972277
Egypt,2020,19.4,1.0240878,31.22745525,71.9142,87.2317,9.02,1.11,NA,0.683,94,NA,NA,0.1,18,NA,30.4,NA,2.85,50,15309.236,NA,97.57053,96.212494,4.15384626,4.15385,1.3261709
Egypt,2021,18.7,0.9911997,41.68881487,72.056,84.0866,9.94,1.06,NA,NA,96,89.9,NA,0.1,31,3.7,31,NA,2.75,NA,15579.016,NA,97.501366,96.428894,4.60955143,4.60955,1.736797
Egypt,2022,18.1,0.9565036,24.0258677,72.1981,90.6795,10.3,NA,NA,NA,97,NA,NA,0.1,30,NA,31.8,NA,2.75,37.12,16360.391,NA,97.43289,96.646614,4.72362804,4.70438,1.6862906
Equatorial Guinea,2000,155.9,4.621456,405.6240963,0.132355,0.710955,0.867,NA,NA,NA,35,NA,NA,NA,NA,15.7,50.3,NA,5.834,NA,11767.471,88,51.09814,54.79053,1.22260201,1.1072,0.5230227
Equatorial Guinea,2001,151.5,4.5816555,388.027341,0.16526,2.00044,0.92,NA,NA,NA,37,NA,NA,NA,NA,NA,49.7,NA,5.785,128,18031.965,NA,51.790443,55.776966,1.32559299,1.20301,0.3918048
Equatorial Guinea,2002,147,4.520887,364.3690624,0.321198,4.01024,1.1,NA,NA,NA,39,NA,NA,NA,NA,NA,49.1,NA,5.731,NA,20242.432,NA,52.541996,56.747005,2.88730073,2.74982,0.36000615
Equatorial Guinea,2003,142.5,4.4381094,342.8950891,0.520524,4.89466,1.13,NA,NA,NA,41,NA,NA,NA,NA,NA,48.6,NA,5.675,NA,21709.574,NA,53.350418,57.699234,1.97185338,1.8275,0.39797717
Equatorial Guinea,2004,137.8,4.332287,322.8042049,0.84393,6.87841,1.17,NA,0.301,0.185,43,NA,NA,NA,NA,10.5,48,NA,5.618,180,28225.986,NA,54.21503,58.63359,1.58463597,1.45293,0.35340402
Equatorial Guinea,2005,133.2,4.2084737,312.1375059,1.14979,10.2283,1.06,NA,NA,NA,44,NA,NA,NA,NA,NA,47.5,13.9,5.559,NA,31302.957,NA,55.131718,59.548374,1.42048728,1.29643,0.40104085
Equatorial Guinea,2006,128.6,4.0749164,298.900018,1.27919,12.117,1.01,NA,NA,NA,46,NA,NA,NA,NA,NA,46.9,NA,5.498,NA,32251.768,NA,56.10058,60.44434,1.41217864,1.29172,0.45787242
Equatorial Guinea,2007,124,3.9269583,288.9155838,1.55712,14.4781,0.965,NA,NA,NA,48,NA,NA,NA,NA,NA,46.3,NA,5.433,NA,35540.45,NA,57.118572,61.32078,1.42080677,1.30166,0.48071325
Equatorial Guinea,2008,119.4,3.789837,275.7745083,1.82,16.5971,0.922,NA,NA,NA,50,NA,NA,NA,NA,NA,45.6,NA,5.363,NA,39994.617,NA,58.183796,62.177715,1.23333216,1.11556,0.48362917
Equatorial Guinea,2009,115.2,3.6701498,266.8786983,2.13,17.6107,0.881,1.9,NA,NA,52,NA,NA,NA,NA,NA,44.9,NA,5.288,177,38706.605,NA,59.291794,63.014317,1.87389886,1.76791,0.7692027
Equatorial Guinea,2010,111.1,3.5674543,259.360087,6,33.5796,1.14,2.1,NA,NA,54,NA,NA,NA,NA,NA,44.2,NA,5.209,176,33668.875,NA,60.441364,63.831192,1.73363662,1.62135,0.6451492
Equatorial Guinea,2011,107.1,3.4807074,253.7983761,11.5,38.5607,1.17,NA,NA,NA,54,66.9,NA,NA,NA,5.6,43.6,NA,5.126,NA,34341.934,NA,61.629612,64.62837,1.54309607,1.42924,0.5923924
Equatorial Guinea,2012,103.4,3.4148176,244.7133898,13.9432,38.7386,1.15,NA,NA,NA,54,NA,NA,NA,NA,NA,43.1,NA,5.04,NA,35711.492,NA,62.85389,65.406075,1.62290311,1.51459,0.7026908
Equatorial Guinea,2013,99.9,3.3516142,235.7469643,16.4,37.9421,1.1,NA,NA,NA,53,NA,NA,NA,NA,NA,42.6,NA,4.952,NA,32894.37,NA,63.671516,66.04694,1.75622749,1.64174,0.61788166
Equatorial Guinea,2014,96.6,3.2877407,227.1471875,18.86,36.9002,1.08,NA,NA,NA,53,NA,NA,NA,NA,NA,42.3,NA,4.863,NA,31765.9,NA,63.926476,66.11511,1.868559,1.75402,0.6511455
Equatorial Guinea,2015,93.3,3.2206073,222.2084289,21.32,36.6825,0.78,NA,NA,NA,40,NA,NA,NA,NA,NA,42,NA,4.774,NA,27797.795,NA,64.1786,66.182526,2.45693421,2.34058,0.7432819
Equatorial Guinea,2016,89.9,3.167455,216.2861384,23.78,38.1684,0.729,NA,NA,NA,53,NA,NA,NA,NA,NA,41.7,NA,4.686,NA,24435.064,NA,64.425514,66.24854,2.97177482,2.85942,0.86530524
Equatorial Guinea,2017,87,3.0997837,211.6428807,26.24,36.2336,0.716,NA,0.406,0.35,56,NA,NA,NA,NA,NA,41.5,NA,4.599,NA,22250.44,NA,64.66581,66.31279,2.86121631,2.74714,0.7899983
Equatorial Guinea,2018,84.2,3.0400493,204.0132509,NA,36.576,0.671,NA,NA,NA,59,NA,NA,NA,NA,NA,41.4,NA,4.513,NA,20165.48,NA,NA,NA,2.92214823,2.85224,0.8150195
Equatorial Guinea,2019,81.7,2.9684958,198.0048415,49.1337,36.9422,0.659,NA,NA,NA,62,NA,NA,NA,NA,NA,41.2,NA,4.429,NA,18446.592,NA,NA,NA,3.27948833,3.16781,0.8050639
Equatorial Guinea,2020,78.8,2.913126,195.6072387,55.0013,43.3495,0.655,NA,NA,NA,64,NA,NA,NA,NA,NA,41.1,NA,4.346,NA,17089.154,NA,NA,NA,3.70560718,3.99582,1.0338515
Equatorial Guinea,2021,76.1,2.8551252,201.7265491,58.7173,46.4348,0.644,NA,NA,NA,67,NA,NA,NA,NA,NA,41.1,NA,4.266,NA,16821.45,NA,NA,NA,3.5103004,3.39468,1.1440055
Equatorial Guinea,2022,73.4,2.7940443,183.1032543,59.3433,49.538,0.631,NA,1.375,0.143,70,NA,NA,NA,NA,NA,41.1,NA,4.17,NA,16932.771,NA,NA,NA,2.83726358,2.9135,0.86760986
Eritrea,2000,85.3,2.7060657,741.4445469,0.136712,0,1.36,NA,NA,0.042,81,NA,NA,2.3,NA,NA,37.3,NA,5.397,NA,NA,NA,46.814217,8.2853,5.76670074,5.7667,2.0524516
Eritrea,2001,81.1,2.6553075,650.8900837,0.157815,0,1.35,NA,NA,0.039,86,NA,NA,2.2,NA,NA,36.5,NA,5.306,NA,NA,NA,47.120422,8.640479,5.91931677,5.91932,1.7919514
Eritrea,2002,77.3,2.60494,636.2737868,0.22709,0,1.5,NA,NA,0.052,90,40.9,NA,2,NA,34.3,35.9,NA,5.233,96.51,NA,53,47.440926,8.986296,6.68857431,6.68857,2.1195555
Eritrea,2003,73.8,2.559583,587.6074714,NA,0,1.53,1.57,NA,0.039,93,NA,NA,1.9,NA,NA,35.3,NA,5.143,NA,NA,NA,47.775223,9.322086,7.33703375,7.33703,1.6689847
Eritrea,2004,70.5,2.5144596,588.248247,NA,0.769739,1.51,1.61,0.964,0.051,98,NA,NA,1.7,NA,NA,34.7,NA,5.036,NA,NA,NA,48.123417,9.647448,7.00984907,7.00985,1.5593377
Eritrea,2005,67.5,2.468347,566.552227,NA,1.51953,1.42,1.48,NA,0.043,96,NA,NA,1.6,NA,NA,34.2,21.4,4.934,97.84,NA,NA,48.48441,9.961535,6.8641758,6.86418,0.8529867
Eritrea,2006,64.6,2.419155,554.5557774,NA,2.29317,1.39,1.43,NA,0.047,94,NA,NA,1.4,NA,NA,33.6,NA,4.881,NA,NA,NA,48.859493,10.264418,6.85727453,6.85727,0.8182653
Eritrea,2007,61.9,2.3665574,541.4090442,0.41,3.07478,1.36,1.47,NA,0.042,95,NA,NA,1.3,NA,NA,33,NA,4.812,83.63,NA,NA,49.246952,10.5550785,5.2786293,5.27863,1.2148825
Eritrea,2008,59.4,2.3097792,529.9047859,0.47,3.85719,1.44,1.4,NA,0.042,95,NA,NA,1.2,NA,NA,32.5,NA,4.737,75.97,NA,65,49.648705,10.833774,6.57807541,6.57808,1.6465917
Eritrea,2009,57.1,2.2528226,514.5057027,0.54,4.88697,1.68,1.4,NA,0.042,95,NA,NA,1.1,NA,NA,32.1,NA,4.656,NA,NA,NA,49.810326,11.022041,5.42343187,5.42343,1.0663402
Eritrea,2010,55,2.1973968,498.1755497,0.61,6.29077,1.84,1.27,NA,0.041,95,57.4,NA,1,NA,39.4,31.8,NA,4.571,NA,NA,NA,49.977383,11.201945,4.81866503,4.81867,1.0071524
Eritrea,2011,53.1,2.146704,477.5444216,0.7,8.06871,1.95,1.33,NA,0.042,94,NA,NA,1,NA,NA,31.6,NA,4.486,NA,NA,NA,50.150528,11.37354,5.1622901,5.16229,0.7652472
Eritrea,2012,51.2,2.09622,457.7656697,0.8,10.0522,1.98,1.29,NA,0.047,94,NA,NA,0.9,NA,NA,31.5,NA,4.407,NA,NA,NA,50.329174,11.536517,3.74245787,3.74246,0.7906607
Eritrea,2013,49.4,2.0545592,443.4578158,0.9,11.542,2.01,1.25,1.386,0.052,94,NA,NA,0.8,NA,NA,31.6,NA,4.335,NA,NA,NA,50.705128,11.63627,4.96813059,4.96765,0.776559
Eritrea,2014,47.8,2.0107973,429.7408819,0.99,13.4855,2.07,1.24,1.335,0.061,94,NA,NA,0.8,NA,NA,31.8,NA,4.273,NA,NA,NA,51.083565,11.736681,3.91432381,3.91432,0.5125024
Eritrea,2015,46.1,1.9689593,412.8496596,1.08373,15.2952,2.13,1.23,1.276,0.064,95,NA,NA,0.7,NA,NA,32.1,NA,4.217,NA,NA,NA,51.465089999999996,11.837913,4.50776815,4.50777,0.73755044
Eritrea,2016,44.6,1.9270598,394.5520888,1.17712,16.1936,2.11,1.23,1.555,0.067,95,NA,NA,0.7,NA,NA,32.4,NA,4.164,NA,NA,NA,51.849716,11.939966,3.73838949,3.73839,0.7340641
Eritrea,2017,43.2,1.8870647,379.0724168,2.5,22.0611,2.1,1.23,1.437,0.066,95,NA,NA,0.6,NA,NA,32.7,NA,4.112,NA,NA,NA,NA,NA,4.15359449,4.15359,1.0082762
Eritrea,2018,41.7,1.8508252,363.3154497,5.3,NA,NA,1.16,1.557,0.081,95,NA,NA,0.6,NA,NA,33,NA,4.056,NA,NA,NA,NA,NA,4.24748898,4.24749,0.6254147
Eritrea,2019,40.3,1.8133682,350.6707349,11.2,40.4605,2.04,1.09,NA,0.071,95,NA,NA,0.6,NA,NA,33.3,NA,3.997,NA,NA,NA,NA,NA,4.64806461,4.64806,0.7416614
Eritrea,2020,39.1,1.7767258,333.6878515,14.3494,54.7205,2.01,1.08,NA,0.082,95,NA,NA,0.5,NA,NA,33.7,NA,3.933,NA,NA,NA,NA,NA,4.31117725,4.31047,0.8415084
Eritrea,2021,37.9,1.7370325,338.4653612,18.3844,53.7583,1.97,1.06,1.417,0.079,95,NA,NA,0.5,NA,NA,34.2,NA,3.867,NA,NA,NA,NA,NA,4.17839003,4.17839,0.8870961
Eritrea,2022,36.6,1.6951975,301.354398,18.7092,59.1248,2,1.04,1.543,0.071,95,NA,NA,0.5,NA,NA,34.8,NA,3.786,NA,NA,NA,NA,NA,3.87537837,3.87448,0.9004602
Eswatini,2000,109.1,2.5786746,360.7371594,0.926192,3.16877,3.06,NA,3.212,NA,84,NA,NA,24.2,0,9.1,30,NA,4.03,NA,6106.0747,82,52.382736,50.251915,4.60951757,4.60952,2.4108105
Eswatini,2001,112.6,2.552287,306.5845361,1.28159,5.23279,3.21,NA,NA,0.172,84,NA,NA,25.2,0,NA,29.1,NA,3.944,NA,6135.453,NA,53.425842,50.748066,5.13895369,5.13895,2.3843186
Eswatini,2002,114.3,2.5189862,331.2664548,1.8162,6.41848,3.31,NA,NA,NA,85,NA,NA,25.9,1,NA,28.3,NA,3.854,111.36,6335.8135,NA,54.47528,51.277626,5.52298307,5.5229799999999996,2.422583
Eswatini,2003,115.7,2.4830072,392.1844938,2.43707,7.9685,4.33,NA,NA,0.151,85,NA,NA,26.3,2,NA,27.6,NA,3.796,110.57,6578.302,NA,55.531048,51.818024,6.37864399,6.37864,2.9170406
Eswatini,2004,116.2,2.4556108,450.9201969,3.22869,13.5115,4.15,NA,6.362,0.16,86,NA,NA,26.6,9,NA,27,NA,3.76,110.55,6775.2217,NA,56.59229,52.368935,6.81432486,6.81432,3.0239449
Eswatini,2005,115.5,2.4439025,528.8265571,3.69696,18.5353,4.09,NA,NA,NA,86,NA,NA,26.8,15,NA,26.5,44.6,3.704,110.77,7142.1924,NA,57.660275,52.930843,7.37623358,7.37623,3.6406043
Eswatini,2006,105.3,2.4472408,511.2774385,3.69654,23.0535,4.08,NA,NA,NA,87,NA,NA,27,73,6,26,NA,3.632,102.91,7584.72,NA,58.73417,53.503456,7.82560062,7.8256,3.459487
Eswatini,2007,100,2.4603467,646.8141573,4.1,34.8399,4.11,NA,NA,NA,87,79.3,NA,27.2,75,NA,25.5,NA,3.58,99.86,7866.731,NA,59.83257,54.09129,7.93004131,7.93004,3.754104
Eswatini,2008,98.2,2.4791656,766.128819,6.85,48.4152,4.11,NA,NA,NA,88,NA,NA,27.5,74,7.3,25.2,NA,3.567,93.65,7926.3794,NA,61.050808,54.711166,8.85792923,8.85793,4.453919
Eswatini,2009,92.5,2.496122,855.1832336,8.94,60.1213,4.09,NA,NA,0.158,88,NA,NA,27.7,71,NA,24.8,NA,3.504,88.63,7988.5977,NA,62.26917,55.329346,8.63292217,8.63292,4.4614906
Eswatini,2010,81.8,2.504753,752.1108817,11.04,65.2905,4.76,NA,NA,NA,89,76.6,NA,28,73,5.9,24.4,NA,3.375,84.51,8245.642,NA,63.487595,55.94572,8.5912571,8.59126,4.2280903
Eswatini,2011,68.1,2.5070817,765.0727072,18.13,68.5737,6.78,NA,NA,0.099,91,NA,NA,28.4,92,NA,24.1,NA,3.317,NA,8350.892,NA,64.70639,56.56019,8.46997261,8.46997,3.611559
Eswatini,2012,63.8,2.5095496,612.6885032,20.7818,71.6279,4.05,NA,NA,NA,95,NA,NA,28.8,91,NA,23.8,NA,3.266,82.55,8645.845,NA,65.899925,57.17231,7.82047606,7.82048,3.4133632
Eswatini,2013,61.6,2.5281413,491.4062818,24.7,79.0272,4.07,2.02,3.305,NA,98,NA,NA,29.2,92,NA,23.7,NA,3.237,87.05,8951.058,NA,67.094666,57.784916,7.45703411,7.45703,3.3249233
Eswatini,2014,61.7,2.5477986,368.8472003,25,80.683,3.91,NA,3.386,NA,98,76.1,NA,29.4,85,5.8,23.7,NA,3.181,NA,9084.494,NA,68.29024,58.39795,7.25596571,7.25597,2.739723
Eswatini,2015,58.6,2.5705595,282.9534519,25.643,82.3407,3.76,NA,3.479,NA,90,NA,NA,29.3,87,NA,23.7,NA,3.122,NA,9186.653,NA,69.48694,59.011314,7.05855274,7.05855,2.9474502
Eswatini,2016,55.3,2.5921526,212.8734634,28.57,86.5588,3.65,NA,3.654,0.094,90,NA,NA,29,93,NA,23.9,NA,3.068,NA,9402.509,NA,70.68692,59.624413,6.82044792,6.82045,2.845983
Eswatini,2017,54.3,2.6107507,151.4230312,35.3,88.713,3.18,NA,3.826,0.181,90,NA,NA,28.6,91,NA,24.2,NA,3.018,NA,9660.552,NA,71.88963,60.23684,6.98103714,6.98104,3.5425496
Eswatini,2018,51,2.6159713,132.6090441,39.4,89.2004,3.78,NA,4.026,0.24,90,NA,NA,28.1,100,NA,24.6,NA,2.971,NA,9578.101,NA,73.09515,60.848045,7.31937742,7.31938,3.3984084
Eswatini,2019,51.6,2.6049275,96.2412409,43.9,91.0519,3.6,NA,NA,NA,90,NA,NA,27.6,100,NA,25.1,NA,2.925,NA,10099.586,NA,74.30323,61.45752,8.40033817,8.40034,4.4082446
Eswatini,2020,49.8,2.5786061,102.2562364,49.013,104.747,3.94,NA,2.446,0.14,83,NA,NA,26.9,99,NA,25.7,NA,2.888,NA,9695.825,NA,75.51362,62.064754,7.0983777,7.07604,3.5369306
Eswatini,2021,47.6,2.544051,219.3369073,53.9953,118.627,3.32,NA,NA,NA,77,NA,NA,26.1,100,5,26.5,NA,2.841,NA,9990.435,NA,76.726070000000007,62.669235,7.40552139,7.38329,3.6500492
Eswatini,2022,46.2,2.497136,111.5081495,57.465,121.492,3.18,NA,4.365,1.591,97,73.6,NA,25.2,93,NA,27.3,NA,2.801,NA,9927.605,90.74702,77.94058,63.27026,7.2449131,7.22266,3.2439327
Ethiopia,2000,140.4,4.7750382,870.4590339,0.0152638,0.0263412,0.344,NA,NA,0.021,30,10.4,NA,2.7,0,41.8,26.7,NA,6.654,NA,810.27075,NA,18.759062,2.9657664,4.36504698,4.36505,1.7994932
Ethiopia,2001,134.1,4.6808867,856.4541202,0.0371624,0.0395753,0.408,NA,NA,0.028,32,NA,NA,2.6,0,NA,25.7,NA,6.579,NA,851.3134,NA,20.28613,3.2263188,4.72316694,4.72317,2.0154371
Ethiopia,2002,127.7,4.5860515,825.9432302,0.0724023,0.0703129,0.494,NA,NA,0.029,35,NA,NA,2.4,0,NA,24.7,NA,6.499,191.38,838.29803,NA,21.810595,3.4870996,4.7126298,4.71263,2.0812194
Ethiopia,2003,121.4,4.495851,797.123638,0.105812,0.0695139,0.548,NA,0.193,0.027,37,NA,NA,2.2,1,NA,23.8,NA,6.4,142.93,795.77216,NA,23.33038,3.7476945,4.89970922,4.89971,2.276349
Ethiopia,2004,115,4.417297,763.8594697,0.155335,0.204442,0.637,NA,0.204,0.027,39,NA,NA,2,1,NA,22.9,NA,6.301,NA,877.1145,36,24.846077,4.032814,4.31281853,4.31282,1.3256677
Ethiopia,2005,108.8,4.3392596,753.7880874,0.21966,0.52398,0.779,NA,0.24,0.032,43,12.2,NA,1.8,1,34.3,22,46.1,6.194,153.05,952.11566,NA,26.357613,4.317251,4.10098124,4.10098,1.7281874
Ethiopia,2006,102.9,4.2558064,728.7873523,0.310593,1.07393,0.898,NA,0.221,0.027,46,NA,NA,1.7,10,NA,21.1,NA,6.047,110.65,1024.7291,NA,27.865513,4.6011963,4.45757294,4.45757,1.1201282
Ethiopia,2007,97.4,4.169427,704.1525608,0.37,1.45421,1.06,NA,0.218,0.022,50,NA,NA,1.6,12,NA,20.3,NA,5.887,NA,1109.1433,39,29.378462,4.886819,5.00128317,5.00128,1.3330675
Ethiopia,2008,92.3,4.0760407,677.6912217,0.45,2.28483,1.05,0.2,0.196,0.025,54,NA,NA,1.5,28,NA,19.5,NA,5.695,87.05,1193.7473,NA,30.98697,5.196915,4.28063869,4.28064,0.51424927
Ethiopia,2009,87.6,3.9721165,649.0879492,0.54,4.60381,1.04,NA,0.244,0.025,58,NA,NA,1.4,29,NA,18.9,NA,5.488,94.55,1262.464,NA,32.588245,5.5077987,4.6496563,4.64966,0.90700704
Ethiopia,2010,83.2,3.8653789,618.5248369,0.75,7.57026,1,NA,NA,NA,61,NA,NA,1.4,27,NA,18.4,NA,5.282,NA,1381.1904,NA,34.18369,5.8200245,5.46637249,5.46637,0.94396317
Ethiopia,2011,79.1,3.7604976,587.6620183,1.1,15.1655,0.89,NA,NA,NA,65,19.1,NA,1.3,41,29.2,18.2,NA,5.08,92.44,1492.5339,NA,35.771896,6.133436,4.46897745,4.46898,0.3811754
Ethiopia,2012,75.3,3.6546044,545.375131,2.9,21.424,0.832,NA,NA,NA,61,NA,NA,1.3,66,NA,18.1,NA,4.887,63.4,1576.7688,NA,37.353645,6.4484644,4.5395956,4.5396,1.0666318
Ethiopia,2013,71.6,3.556885,494.0503541,4.6,26.0536,0.774,NA,NA,NA,59,NA,NA,1.2,77,NA,18.2,NA,4.708,83.11,1696.8651,NA,38.91893,6.7623634,4.07506514,4.07507,1.0996721
Ethiopia,2014,68.2,3.4681904,444.4455237,7.7,30.1536,0.811,NA,NA,NA,61,32.1,NA,1.2,79,26.5,18.4,NA,4.605,79.54,1821.3916,NA,40.477066,7.0779386,4.03365517,4.03366,0.7147956
Ethiopia,2015,64.9,3.3854485,400.6946237,13.8552,40.7363,0.857,NA,NA,NA,62,NA,NA,1.1,87,NA,18.8,NA,4.529,NA,1957.4146,NA,42.02727,7.3951755,3.82316828,3.82317,0.965409
Ethiopia,2016,61.7,3.300557,364.0149954,15.3669,47.9993,1.07,0.33,NA,NA,64,31.8,16.5,1.1,79,23.5,19.1,NA,4.473,78.61,2084.8406,47.49159,43.569748,7.714373,3.60033751,3.60034,0.90002954
Ethiopia,2017,58.9,3.2173128,327.1083955,15.6,36.1095,1.08,NA,0.804,NA,65,NA,NA,1,75,NA,19.5,NA,4.401,72.42,2222.8281,NA,45.103275,8.035357,3.45336914,3.45337,0.8612687
Ethiopia,2018,56.4,3.1297657,296.5610312,15.9,NA,NA,NA,0.692,0.076,62,NA,NA,1,88,NA,19.8,NA,4.371,NA,2311.165,NA,46.628967,8.358759,3.30371761,3.30372,0.7664261
Ethiopia,2019,54.1,3.0447505,268.7950338,16,36.2199,1.08,NA,NA,0.051,61,43,33.8,0.9,89,21.2,20.2,NA,4.347,NA,2437.9705,NA,48.146477,8.68474,3.24287128,3.24287,0.7308851
Ethiopia,2020,52,2.967453,243.89641,16.0696,37.4208,0.841,NA,0.758,0.104,62,NA,NA,0.9,99,NA,20.7,NA,4.274,NA,2516.549,NA,49.655045,9.0133,3.48096275,3.48096,0.9827851
Ethiopia,2021,50,2.8864722,249.6212142,16.6981,52.8089,0.725,NA,0.738,0.101,63,NA,NA,0.8,84,NA,21.4,NA,4.177,NA,2588.413,NA,51.154774,9.344773,3.20779967,3.20754,0.97926205
Ethiopia,2022,48.2,2.8112864,207.4785661,NA,56.9643,0.688,NA,1.222,0.108,63,NA,NA,0.8,86,NA,22.2,NA,4.082,NA,2655.5928,NA,52.644936,9.679159,2.85298109,2.85275,0.7208011
Gabon,2000,73.7,2.6612787,178.1130177,1.21614,9.40754,3.06,NA,NA,NA,45,63.3,NA,4.7,0,9,63.8,NA,4.469,NA,21717.225,NA,80.06525,26.818195,2.90471101,2.90125,1.0638379
Gabon,2001,71.9,2.6971822,159.5487165,1.34762,11.454,2.84,NA,NA,NA,45,NA,NA,4.8,0,NA,63.6,NA,4.417,115.35,21604.781,NA,80.56922,27.95006,3.15198207,3.14839,1.2630013
Gabon,2002,70.1,2.7167547,150.8267546,1.93953,20.7629,2.38,NA,NA,NA,45,NA,NA,4.8,0,NA,63.4,NA,4.36,NA,20981.48,NA,81.060005,29.101969,3.32970691,3.32413,1.1996045
Gabon,2003,68.1,2.7290058,133.841085,2.65959,21.7022,2.78,NA,NA,NA,45,NA,NA,4.7,1,NA,63.2,NA,4.299,102.22,20875.455,NA,81.537315,30.273457,3.53648472,3.53188,1.4352864
Gabon,2004,66,2.7250168,142.4861764,2.97907,34.4235,2.72,NA,4.768,0.279,45,NA,NA,4.7,3,NA,62.9,NA,4.252,117.05,20438.932,NA,82.00138,31.464264,3.36498594,3.3298,1.3595706
Gabon,2005,63.9,2.6981463,175.2275925,4.89326,50.3377,2.67,NA,NA,NA,45,NA,NA,4.6,3,NA,62.7,16.9,4.21,NA,20385.29,NA,82.45192,32.673874,2.92175174,2.93181,1.0543326
Gabon,2006,62.1,2.653414,185.7779007,5.4892,59.5349,2.42,NA,NA,NA,45,NA,NA,4.6,4,NA,62.3,NA,4.17,NA,19224.127,NA,82.890076,33.902473,3.14623928,3.1427,1.2173816
Gabon,2007,59.9,2.5873504,172.900032,5.767,75.1171,1.7,NA,NA,NA,81,NA,NA,4.5,15,NA,62,NA,4.142,116.84,19751.877,NA,83.31557,35.149548,3.0834198,3.16226,1.23347
Gabon,2008,57.7,2.511569,157.7131659,7.5,80.8873,2.06,NA,NA,0.0968,82,NA,NA,4.4,21,NA,61.6,NA,4.118,107.58,18493.092,NA,83.729515,36.41531,2.84760666,2.78923,1.0624722
Gabon,2009,55.7,2.4342499,157.9239689,9.5,87.2676,2.19,NA,NA,NA,76,NA,NA,4.4,19,NA,61.2,NA,4.138,114.71,17911.146,NA,84.13072,37.698723,3.78076673,3.83494,1.5406685
Gabon,2010,53.5,2.365944,144.2495194,13,93.6112,1.77,NA,NA,NA,67,NA,NA,4.3,20,NA,60.8,NA,4.153,113.63,18530.576,NA,84.52073,39.00026,2.47556901,2.47557,1.5732574
Gabon,2011,51.4,2.3069053,148.5494007,18,133.01,1.26,1.95,NA,NA,75,NA,NA,4.2,26,NA,60.4,NA,4.151,NA,19153.088,NA,84.89927,40.319374,2.55771565,2.55772,1.5855834
Gabon,2012,49.4,2.2532372,172.5830483,24,138.488,1.22,NA,NA,NA,82,77.6,58.8,4.1,34,6.4,60,NA,4.086,NA,19450.402,NA,85.267395,41.65633,2.42097569,2.42098,1.4828584
Gabon,2013,47.3,2.2096684,234.6347839,30.538,143.499,1.01,NA,NA,NA,79,NA,NA,4,43,NA,59.7,NA,4.019,104.16,19836.455,NA,85.623924,43.010006,2.84087205,2.84087,1.8230293
Gabon,2014,45.7,2.164745,273.1810341,38.0712,148.238,0.935,NA,NA,NA,70,NA,NA,4,44,NA,59.5,NA,3.953,NA,20008.99,NA,85.96589,44.37801,2.53282261,2.53282,1.5166885
Gabon,2015,44.2,2.1190941,239.1396228,45.7845,138.244,0.919,NA,NA,NA,80,NA,NA,3.9,53,NA,59.4,NA,3.921,NA,20147.71,NA,86.29304,45.759556,2.65743947,2.65744,1.565494
Gabon,2016,42.4,2.072038,214.8236229,48.0523,141.05,0.902,NA,2.433,0.343,75,NA,NA,3.8,66,NA,59.3,NA,3.921,97.89,19988.176,NA,86.60647,47.15475,3.1076982,3.1077,2.0105507
Gabon,2017,41,2.016286,184.1248103,51.6049,123.475,0.985,NA,2.82,0.658,75,NA,NA,3.7,61,NA,59.2,NA,3.913,NA,19555.707,NA,86.90725,48.56374,2.78068876,2.78069,1.7597634
Gabon,2018,39.6,1.960718,175.7812176,55.4202,132.465,0.986,NA,2.751,0.624,70,NA,NA,3.6,65,NA,59.3,NA,3.908,98.54,19225.598,NA,87.195984,49.986397,2.75235105,2.75235,1.6128404
Gabon,2019,38,1.9017602,179.3605971,59.5176,131.975,0.983,NA,2.345,0.61,70,NA,NA,3.4,68,NA,59.4,NA,3.884,100.07,19491.406,NA,87.47285,51.422302,2.76837039,2.77686,1.66963
Gabon,2020,36.2,1.8439618,193.8347383,63.9179,131.302,1.09,NA,2.645,0.594,63,NA,NA,3.3,83,5.4,59.4,NA,3.831,NA,18681.484,NA,87.7393,52.872017,3.4401269,3.41718,1.8967884
Gabon,2021,35.2,1.7888193,249.4844045,68.6436,132.309,1.33,NA,NA,NA,75,77.8,NA,3.2,65,NA,59.5,NA,3.776,NA,18523.58,88.85834,87.99547,54.33516,2.79254127,2.69024,1.654919
Gabon,2022,34.1,1.7317973,215.844637,70.7069,123.233,1.79,NA,2.37,0.477,60,NA,NA,3,70,NA,59.7,NA,3.712,NA,18662.049,NA,88.24194,55.811707,2.89087176,2.85592,1.8850473
Gambia,2000,113.1,4.0394998,810.370337,0.921795,0.384858,2.29,NA,NA,NA,80,NA,NA,1.6,0,15.4,60.6,NA,5.716,NA,2658.6177,37,71.75198,51.062706,10.78532791,10.78533,0.6015296
Gambia,2001,108.5,3.959413,793.7375013,1.33679,3.68459,2.34,NA,NA,NA,87,NA,NA,1.7,0,NA,60.1,NA,5.67,121.83,2737.696,NA,72.470985,49.913975,8.29925728,8.29926,0.6105977
Gambia,2002,103.9,3.8850713,772.16036,1.79678,6.51173,2.5,NA,NA,NA,87,NA,NA,1.8,0,NA,59.6,NA,5.656,113.94,2578.5571,NA,73.18741,48.787956,6.2326026,6.2326,0.54214686
Gambia,2003,99.5,3.8171396,748.7616277,2.43678,9.46368,2.66,NA,1.192,0.1,87,NA,NA,1.9,0,NA,59.1,NA,5.656,106.78,2682.48,NA,73.894196,47.724316,5.29709053,5.29709,0.5868997
Gambia,2004,95.2,3.7510068,718.7293721,3.308,10.7937,2.65,NA,0.429,0.103,87,NA,NA,1.9,0,NA,58.6,NA,5.683,104.78,2794.1936,NA,74.57234,46.695427,5.42000151,5.42,0.78081375
Gambia,2005,91.1,3.684283,707.2765264,3.799,14.8454,2.64,NA,0.439,0.1,95,NA,NA,2,8,NA,58.1,64,5.708,109.27,2653.6423,NA,75.24828,46.578342,5.386024,5.38602,0.8167918
Gambia,2006,87.1,3.609729,682.2724698,5.23769,23.5732,2.7,NA,0.439,0.102,95,NA,NA,2,9,15.8,57.4,NA,5.736,110.46,2564.6865,NA,75.92201,46.48626,5.43720818,5.43721,0.8845872
Gambia,2007,83.3,3.527765,674.6237019,6.20504,45.3269,2.76,NA,0.715,0.09,95,NA,NA,2,12,NA,56.8,NA,5.685,103.84,2567.1572,NA,76.59349,46.41853,4.95501947,4.95502,0.7061946
Gambia,2008,79.8,3.446339,652.9136692,6.88,64.1491,2.69,NA,0.776,0.096,96,NA,NA,2,33,NA,56,NA,5.625,89.97,2649.611,NA,77.2629,46.374496,4.65938759,4.65939,0.7288478
Gambia,2009,76.4,3.3706546,634.1394101,7.63,70.1538,2.59,NA,NA,NA,98,NA,NA,2,54,NA,55.3,NA,5.574,96.11,2745.3254,NA,77.929504,46.35349,4.46430635,4.46431,0.9055742
Gambia,2010,73.1,3.2966914,631.6814043,9.2,76.7323,2.53,NA,NA,NA,97,72,NA,2,50,17.4,54.5,NA,5.558,87.11,2824.2126,NA,78.593834,46.354774,4.11944056,4.11944,0.91823167000000006
Gambia,2011,70.1,3.2177455,634.3975094,10.8703,70.6308,2.54,NA,NA,NA,96,NA,NA,2,67,NA,53.8,NA,5.542,88.06,2519.8398,NA,79.25554,46.37754,4.36967373,4.36967,1.0437486
Gambia,2012,67.3,3.1389275,628.0187267,12.4492,74.7,3.14,NA,1.168,NA,98,NA,NA,2,56,17.9,53.1,NA,5.519,94.6,2574.935,NA,79.91494,46.421207,4.26872253,4.26872,1.2062237
Gambia,2013,64.5,3.0675728,606.2810989,14,87.8808,3.05,NA,NA,NA,97,77.6,75.6,1.9,58,16.5,52.4,NA,5.392,95.11,2572.4473,NA,80.5712,46.484436,3.91374874,3.91375,1.0837653
Gambia,2014,61.8,2.9908764,560.7181007,15.56,105.505,2.58,1.05,NA,NA,96,NA,NA,1.9,59,NA,51.7,NA,5.197,NA,2465.1096,NA,81.22418,46.566025,3.05234575,3.05235,1.092287
Gambia,2015,59.3,2.9150214,526.684524,17.6,122.079,2.02,1.02,1.448,0.095,97,NA,NA,1.9,73,NA,51,NA,5.003,75.82,2495.9575,51,81.87375,46.664673,3.1761291,3.17613,0.998292
Gambia,2016,57,2.8352947,489.510535,19.9,124.274,1.66,1.08,NA,NA,95,NA,NA,1.8,65,NA,50.3,NA,4.809,67.47,2478.4604,NA,82.51964,46.778763,3.19523716,3.19524,1.2897681
Gambia,2017,54.7,2.757499,468.6497271,22.5,126.634,1.37,NA,0.661,0.097,92,NA,NA,1.8,66,NA,49.5,NA,4.614,64.86,2533.1868,NA,83.162056,46.90722,3.35449266,3.35449,1.0609789
Gambia,2018,52.7,2.6871924,450.4107205,28.3,132.578,1.83,NA,0.624,0.122,93,75.6,NA,1.7,66,13.9,48.9,NA,4.42,64.78,2651.4329,53.1602,83.80089,47.04853,3.18501234,3.23714,1.0479819
Gambia,2019,50.7,2.6199682,422.0870413,31.1183,105.205,2.44,0.96,0.444,0.075,88,NA,NA,1.6,71,NA,48.1,NA,4.33,NA,2750.8213,NA,84.436195,47.20141,3.14534926,3.14535,1.287505
Gambia,2020,48.9,2.5566757,400.1448083,34.2172,106.448,2.38,1.14,0.703,0.076,85,78.5,87.9,1.6,59,11.6,47.4,NA,4.248,NA,2702.319,NA,85.06803,47.364574,4.01436949,3.72824,1.9513855
Gambia,2021,47.2,2.490617,420.0762931,37.6247,108.847,2.33,1.18,0.692,0.102,82,NA,NA,1.5,78,NA,46.7,NA,4.165,NA,2777.7961,51.6374,85.69631,47.53642,3.74321485,3.19251,1.2864379
Gambia,2022,45.6,2.4291873,365.0213741,44.0389,106.782,2.39,NA,0.688,NA,79,NA,NA,1.4,77,NA,46.3,NA,4.078,NA,2863.1804,NA,86.32124,47.715992,3.53697729,3.55907,1.5428736
Ghana,2000,100.2,3.5788326,472.498091,0.153615,0.662242,1.08,NA,NA,NA,88,NA,NA,2.6,0,NA,47.1,NA,4.827,NA,3327.352,58,65.51722,5.7234426,1.66343236,1.78945,0.73089105
Ghana,2001,96.1,3.4958653,459.95847,0.200008,1.20889,1.21,NA,NA,NA,79,NA,NA,2.5,0,NA,46.8,NA,4.768,NA,3369.507,NA,66.272484,5.811074,1.86866331,2.00263,0.84126645
Ghana,2002,92.1,3.4207819,434.2489282,0.830284,1.86583,1.33,NA,NA,0.09,78,NA,NA,2.4,0,NA,46.5,NA,4.687,73.67,3425.6182,NA,67.287025,6.7504554,1.94694591,2.0874,0.6502401
Ghana,2003,88.5,3.3551805,409.5523617,1.19306,3.73546,1.37,NA,NA,NA,80,69.4,NA,2.4,0,19,46.3,NA,4.597,73.25,3507.751,NA,68.30364,7.7086234,2.14935279,2.29619,0.94345516
Ghana,2004,85.2,3.2962108,402.6476409,1.7168,7.75095,1.43,NA,0.901,0.148,80,NA,NA,2.3,1,NA,46.1,NA,4.504,80.37,3607.3652,NA,69.32259,8.685409,2.36955285,2.53113,0.9509024
Ghana,2005,82.2,3.244477,389.5229629,1.8312,12.8046,1.43,NA,NA,NA,84,NA,NA,2.2,3,NA,45.9,75.8,4.496,80.15,3721.3079,NA,70.342834,9.680148,3.27344108,3.50288,1.756845
Ghana,2006,79.3,3.1890306,384.5181789,2.72318,22.6002,1.55,NA,NA,NA,84,NA,NA,2.1,8,13.9,45.5,NA,4.399,84.11,3857.8616,NA,71.36516,10.692857,3.67208791,3.92256,1.6523175
Ghana,2007,76.3,3.1259,377.2134523,3.85,32.1629,1.59,NA,NA,0.07,94,76.7,NA,2.1,28,NA,45.1,NA,4.288,80.31,3923.1257,NA,72.38928,11.723153,3.70900321,3.96242,1.636296
Ghana,2008,73.1,3.0562708,380.1049317,4.27,47.7132,0.593,NA,0.942,0.076,93,78.2,NA,2,32,14.4,44.5,NA,4.217,NA,4174.7812,NA,73.415215,12.770758,3.72533512,3.95173,1.6428457
Ghana,2009,69.9,2.9771307,369.004258,5.44,60.7695,1.08,NA,1.159,0.082,94,NA,NA,2,24,NA,43.7,NA,4.179,71.21,4269.16,NA,74.44221,13.83505,4.17717743,4.40091,2.0471213
Ghana,2010,66.5,2.8899117,363.0517314,7.8,68.4473,1.09,0.7,1.032,0.091,94,NA,NA,1.9,38,NA,42.9,NA,4.181,70.81,4495.689,71,75.47127,14.916184,4.52302933,4.73425,2.2601507
Ghana,2011,63.3,2.8038278,356.3732265,9,81.1104,1.09,0.68,NA,0.095,91,86.6,NA,1.9,52,13.4,42.1,NA,4.177,60,5005.367,NA,76.50164,16.01353,4.46374655,4.46856,2.3542302
Ghana,2012,60.2,2.7186368,350.7025413,10.6,95.8262,1.07,0.72,NA,0.093,92,NA,NA,1.9,58,NA,41.3,NA,4.154,73.28,5339.7134,NA,77.5331,17.126673,3.93023658,3.91583,1.9786977
Ghana,2013,57.4,2.6384192,338.4238733,15,102.338,0.987,0.73,NA,0.099,90,NA,NA,1.9,47,NA,40.6,NA,4.114,76.3,5593.775,NA,78.565155,18.255064,4.59225416,4.59225,1.8581436
Ghana,2014,54.8,2.564049,316.8116894,19,108.27,0.929,0.71,1.483,0.107,98,87.3,81.1,1.8,55,11.2,39.8,NA,4.029,76.66,5619.0723,NA,79.59783,19.39839,4.01644135,4.01644,1.4088314
Ghana,2015,52.5,2.5012095,310.3363159,23,121.997,0.96,0.69,1.943,0.113,89,NA,NA,1.8,52,NA,39.1,NA,3.982,76.42,5607.366,NA,80.631165,20.55634,4.54299259,4.54297,1.5937829
Ghana,2016,50.2,2.4452624,296.1044052,28,130.481,0.857,NA,2.053,0.122,93,NA,NA,1.8,65,NA,38.4,NA,3.873,75.06,5666.078,NA,81.665146,21.728605,3.39035821,3.39036,1.3003906
Ghana,2017,48.1,2.3932955,286.919174,37.8842,122.472,1,NA,2.271,0.089,99,89.3,NA,1.7,74,12.6,37.8,NA,3.715,73.83,5993.631,64.49239,82.69957,22.914755,2.68786979,2.68787,1.6305853
Ghana,2018,46,2.342787,275.5612721,43,133.61,0.909,NA,4.423,0.143,97,85,NA,1.7,80,NA,37.2,NA,3.65,78.02,6234.512,NA,83.73447,24.114485,2.43001175,2.43001,1.3708333
Ghana,2019,43.9,2.2964692,259.7348837,22.0732,130.705,0.923,NA,2.638,0.103,97,NA,NA,1.7,78,NA,36.8,NA,3.593,NA,6508.2466,NA,84.769615,25.327362,3.25450468,3.2545,1.9720608
Ghana,2020,42,2.2525253,252.7843634,62.5176,126.887,0.965,NA,3.528,0.164,94,NA,NA,1.6,82,NA,36.4,NA,3.541,NA,6412.6855,NA,85.80528,26.553223,4.4331708,4.43317,2.5281892
Ghana,2021,40.2,2.2095094,263.9393737,68.6,124.403,0.97,NA,3.453,0.127,98,NA,NA,1.6,86,NA,36.1,NA,3.492,63,6607.503,76.48568,86.841255,27.79164,3.86030865,3.86031,2.0993664
Ghana,2022,38.5,2.1653824,239.0838812,69.3607,120.803,0.996,NA,4.467,0.141,99,87.8,NA,1.6,88,12,36,NA,3.434,NA,6728.454,NA,87.877556,29.042318,3.67459154,3.69936,2.037089
Guinea,2000,165.4,4.6065445,951.4228087,0.095424900000000007,0.499618,0.288,NA,0.451,0.092,46,NA,NA,1.5,0,NA,51.4,NA,5.918,NA,2358.2876,NA,49.75328,9.162307,4.74101353,4.74097,0.301292
Guinea,2001,158.6,4.4023204,945.5908251,0.175542,0.651877,0.298,NA,NA,NA,50,NA,NA,1.5,0,NA,51,NA,5.834,139.69,2412.7517,NA,50.503635,9.8862915,4.88433027,4.88433,0.3710707
Guinea,2002,152.2,4.245648,916.1456523,0.402023,1.04648,0.3,NA,NA,NA,53,NA,NA,1.6,0,NA,50.7,NA,5.781,152.55,2498.1318,NA,51.252304,10.611442,5.35653734,5.35654,0.64011806
Guinea,2003,146.4,4.1249685,892.3033747,0.45096,1.25694,0.295,NA,NA,NA,57,NA,NA,1.6,0,NA,50.3,NA,5.744,154.43,2473.2341,30,51.999626,11.337945,4.77216482,4.77216,0.42212996
Guinea,2004,141.2,4.0205584,868.6950101,0.508819,1.7092,0.289,NA,0.486,0.11,60,NA,NA,1.7,1,NA,50,NA,5.733,145.84,2477.503,NA,52.745228,12.206875,4.77632809,4.77633,0.24164158
Guinea,2005,136.6,3.9200428,842.8623367,0.542254,2.04416,0.27,0.3,NA,0.103,59,48.8,NA,1.7,1,22.7,49.7,45.8,5.727,155.58,2501.2217,NA,53.4891,13.095036,4.03452682,4.03453,0.26129073
Guinea,2006,132.7,3.830592,824.8724677,0.637492,NA,0.244,NA,NA,NA,57,NA,NA,1.7,7,NA,49.2,NA,5.704,141.49,2478.6133,NA,54.23158,14.002633,3.61526895,3.61527,0.24835719
Guinea,2007,129.4,3.7542071,801.7892381,0.780025,20.699,0.228,NA,NA,NA,63,50.3,NA,1.7,25,16.4,48.7,NA,5.664,139.95,2587.005,NA,54.972294,14.929488,3.48262477,3.48262,0.24066733
Guinea,2008,126.6,3.6952379,772.4042149,0.92,27.7809,0.273,NA,NA,NA,60,NA,NA,1.7,26,NA,48.2,NA,5.596,153.98,2629.5398,NA,55.71124,15.875607,3.26561713,3.26562,0.26959306
Guinea,2009,124.1,3.6516638,766.2596129,0.94,34.3963,0.217,NA,NA,NA,57,NA,NA,1.7,13,NA,47.6,NA,5.528,152.21,2537.3064,NA,56.4484,16.841002,3.58146644,3.58147,0.26025116
Guinea,2010,122,3.6106038,749.5302244,1,38.476,0.173,NA,NA,NA,64,NA,NA,1.7,18,NA,47,NA,5.435,154.28,2594.8306,25,57.184097,17.825888,3.42781734,3.42782,0.36297843
Guinea,2011,120.1,3.5670462,727.5559695,2,45.6102,0.169,0.3,NA,NA,63,NA,NA,1.7,32,NA,46.5,NA,5.337,146.42,2673.4087,NA,58.360313,18.830074,3.78955102,3.78955,0.51036745
Guinea,2012,118.4,3.5196042,703.0267042,3.1,51.1345,0,NA,NA,NA,59,56.6,36.7,1.7,32,18.8,46.1,NA,5.232,147.08,2762.9036,NA,59.5459,19.853569,3.50398517,3.50399,0.5143139
Guinea,2013,116.7,3.4699047,682.4268587,4.5,66.4453,0,NA,NA,NA,56,NA,NA,1.7,63,NA,45.7,NA,5.151,153.91,2802.56,NA,60.740795,20.896381,3.46108651,3.46109,0.48858824
Guinea,2014,115.6,3.420127,663.8561727,6.4,75.6869,0,NA,0.548,0.163,52,NA,NA,1.7,0,NA,45.5,NA,5.07,138.57,2834.9663,32,61.944954,21.958517,4.787992,4.78799,0.6115234
Guinea,2015,114.1,3.3709483,641.7042428,9.2,91.4756,0,NA,0.405,0.084,48,NA,NA,1.7,0,NA,45.3,NA,5.002,130.64,2869.8516,NA,63.16257,23.042953,5.80919266,5.80919,0.42931107
Guinea,2016,111.7,3.3306873,606.0211282,13.1,92.0233,0,NA,0.12,0.082,47,50.6,NA,1.6,0,18.3,45.2,NA,4.915,120,3099.7888,NA,64.39355,24.14984,5.39694929,5.39695,0.6637441
Guinea,2017,109.9,3.2969348,582.1026793,18.7,94.4641,0,NA,NA,NA,49,NA,NA,1.6,0,NA,45,NA,4.793,NA,3332.7659,NA,65.63776,25.279316,3.91512728,3.91513,0.600662
Guinea,2018,108,3.2632768,560.3764259,21.83,94.555,0,NA,0.566,0.222,51,35.3,48.6,1.6,0,16.3,45,NA,4.669,NA,3455.645,40,66.895096,26.431534,3.73843002,3.73843,0.61740124
Guinea,2019,105.7,3.224477,548.1233101,22.6255,98.7621,NA,NA,NA,NA,53,NA,NA,1.5,51,NA,44.9,NA,4.576,132.56,3557.4624,NA,68.16513,27.606398,4.08876228,4.08876,0.92095226
Guinea,2020,103.2,3.1811655,528.2047586,23.4499,103.17,NA,NA,NA,NA,54,NA,NA,1.5,57,NA,45,NA,4.489,127.63,3630.9934,NA,69.448364,28.804535,3.90094519,3.90095,0.77726084
Guinea,2021,100.5,3.1336122,533.2656028,24.3044,100.616,0,NA,NA,NA,56,58.3,NA,1.5,60,NA,45.1,NA,4.399,NA,3738.8052,NA,70.744354,30.02585,3.7175858,3.71759,0.68109477
Guinea,2022,97.8,3.0869918,500.4062525,24.6954,108.885,0,NA,0.421,0.021,58,NA,NA,1.4,55,15,45.3,NA,4.303,NA,3792.0107,NA,72.05328,31.270742,3.83292699,3.95848,0.7287647
Guinea-Bissau,2000,173.8,5.515725,1295.440942,0.230103,0,0.901,NA,NA,NA,49,NA,NA,3.8,0,19.8,52.8,NA,5.786,NA,1974.6217,41,55.179726,4.534457,4.18953228,4.18953,0.5933851
Guinea-Bissau,2001,168.4,5.4126024,1222.138042,0.299569,0,0.785,NA,NA,NA,53,NA,NA,4.2,0,NA,52.3,NA,5.688,NA,2025.6006,NA,55.63551,5.0157485,4.12891531,4.53105,0.48134443
Guinea-Bissau,2002,162.8,5.326658,1141.168856,1.02299,0,0.868,NA,NA,NA,57,NA,NA,4.4,0,NA,51.8,NA,5.634,127.38,2053.962,NA,56.07668,5.729104,3.87280011,3.96903,0.3546703
Guinea-Bissau,2003,157,5.2474475,1069.161573,1.3542,0.0966784,0.801,NA,NA,NA,60,NA,NA,4.5,0,NA,51.4,NA,5.577,139.08,2002.2775,NA,56.50251,6.754165,3.50201416,3.53315,0.42981493
Guinea-Bissau,2004,151.1,5.161726,979.5117951,1.80814,2.92324,0.72,NA,0.794,0.14,64,NA,NA,4.5,0,NA,50.9,NA,5.5,NA,1979.5746,NA,56.913307,7.782165,4.27070189,4.27735,0.5797157
Guinea-Bissau,2005,144.9,5.0754094,956.301796,1.90137,7.15302,0.696,NA,NA,NA,68,NA,NA,4.4,0,NA,50.4,54.7,5.46,116.82,2060.5383,NA,57.30839,8.878353,4.53462505,4.55162,0.50890976
Guinea-Bissau,2006,138.6,4.982023,831.461996,2.0572,11.1163,0.479,NA,NA,NA,71,NA,NA,4.4,8,NA,49.8,NA,5.406,124.27,2065.0837,NA,57.688683,9.989732,5.07826185,5.08093,0.49984464
Guinea-Bissau,2007,132.2,4.870383,791.6082766,2.2063,20.4153,0.315,NA,NA,NA,74,NA,NA,4.3,8,NA,49.2,NA,5.365,NA,2065.8613,NA,58.053513,11.116188,4.92573404,5.03941,0.59780544
Guinea-Bissau,2008,126.1,4.7454863,801.9769586,2.35489,33.6114,0.312,NA,0.64,0.052,77,NA,NA,4.2,4,16.4,48.5,NA,5.266,113.64,2105.543,NA,58.403156,12.258092,5.35239792,5.45864,0.54897773
Guinea-Bissau,2009,120,4.609758,752.9262617,2.30328,36.7108,0.317,1,0.683,0.081,80,NA,NA,4.1,11,NA,47.8,NA,5.176,117.28,2102.9272,NA,58.73699,13.415296,4.61063194,4.73429,0.5200239
Guinea-Bissau,2010,114.2,4.4712067,698.1827218,2.45,43.2449,0,NA,NA,NA,83,67.6,NA,4,17,18,47.1,NA,5.111,NA,2164.1335,NA,59.05613,14.588715,4.87133694,5.26704,0.46807465
Guinea-Bissau,2011,108.7,4.348147,678.2832784,2.672,45.5597,0,NA,0.547,0.062,86,NA,NA,3.8,24,NA,46.5,NA,5.067,108.62,2278.4058,NA,59.35994,15.778218,6.21634817,6.21635,0.43690556
Guinea-Bissau,2012,103.7,4.2293906,703.6950582,2.89399,63.5329,0,NA,NA,NA,87,NA,NA,3.7,37,17,46.1,NA,5.003,106.39,2180.6077,NA,59.648643,16.98422,5.94134808,5.94135,0.50444686
Guinea-Bissau,2013,99.3,4.1164722,707.1943256,3.1,55.42,0,NA,0.519,NA,87,NA,NA,3.6,61,NA,45.7,NA,4.93,NA,2192.4563,NA,59.921917,18.206755,7.03943443,7.03943,0.55160207000000006
Guinea-Bissau,2014,95.3,4.0121007,662.4370859,3.32,63.6542,0,NA,0.508,NA,86,64.9,NA,3.4,100,17,45.4,NA,4.79,112.9,2156.2021,NA,60.17997,19.446253,9.96897411,9.96897,0.5964996
Guinea-Bissau,2015,91.8,3.9082794,631.1541595,6.1,69.3268,0,NA,0.54,0.198,86,NA,NA,3.3,89,NA,45.2,NA,4.661,NA,2230.391,NA,60.42273,20.702955,8.13228226,8.13228,0.5377986
Guinea-Bissau,2016,88.4,3.818663,616.9496574,13.8,70.1916,0,NA,0.569,0.1,85,NA,NA,3.2,87,NA,45.1,NA,4.519,92.77,2293.2358,NA,60.649895,21.976883,8.32881451,8.32881,0.48464295
Guinea-Bissau,2017,85.3,3.7381341,596.9358502,14.8,76.4394,0,NA,NA,NA,79,NA,NA,3,87,NA,45,NA,4.347,84.46,2342.4153,NA,60.861423,23.268269,7.00049543,7.0005,0.49838862
Guinea-Bissau,2018,82.1,3.6625779,584.736376,15.7,77.0219,0,NA,0.387,0.3,82,NA,NA,2.9,65,NA,45,NA,4.241,NA,2373.5015,NA,61.0575,24.577574,7.28164959,7.28224,0.50527376
Guinea-Bissau,2019,79.1,3.5802376,597.5212748,17.9215,80.8245,NA,NA,NA,NA,78,80.7,NA,2.8,80,18.8,45,NA,4.153,NA,2442.1067,54.88232,61.237827,25.904808,7.14602089,7.17018,0.45877996
Guinea-Bissau,2020,76.6,3.503078,602.8120993,20.4573,95.0629,NA,NA,0.773,0.191,74,NA,NA,2.7,81,NA,45,NA,4.075,NA,2455.856,NA,61.40237,27.250204,8.98898792,9.02939,1.200487
Guinea-Bissau,2021,74.1,3.412774,617.1863047,23.3519,108.63,NA,NA,1.054,0.22,67,NA,NA,2.5,60,NA,45.1,NA,3.998,NA,2522.7676,NA,61.551083,28.614,8.39794922,8.16333,1.1386017
Guinea-Bissau,2022,71.6,3.344879,539.2345092,27.5672,125.935,0,NA,0.99,0.208,74,NA,NA,2.4,62,NA,45.4,NA,3.911,NA,2603.2402,63.93413,61.636353,28.722858,8.33752728,8.11358,1.0381849
Ivory Coast,2000,NA,NA,377.6591221,NA,NA,NA,NA,NA,NA,65,NA,NA,NA,NA,NA,NA,NA,NA,NA,NA,NA,NA,NA,NA,NA,NA
Ivory Coast,2001,NA,NA,404.5168641,NA,NA,NA,NA,NA,NA,66,NA,NA,NA,NA,NA,NA,NA,NA,NA,NA,NA,NA,NA,NA,NA,NA
Ivory Coast,2002,NA,NA,426.7380422,NA,NA,NA,NA,NA,NA,65,NA,NA,NA,NA,NA,NA,NA,NA,NA,NA,NA,NA,NA,NA,NA,NA
Ivory Coast,2003,NA,NA,450.9825557,NA,NA,NA,NA,NA,NA,62,NA,NA,NA,NA,NA,NA,NA,NA,NA,NA,NA,NA,NA,NA,NA,NA
Ivory Coast,2004,NA,NA,456.2229415,NA,NA,NA,NA,NA,NA,68,NA,NA,NA,NA,NA,NA,NA,NA,NA,NA,NA,NA,NA,NA,NA,NA
Ivory Coast,2005,NA,NA,492.4531383,NA,NA,NA,NA,NA,NA,77,NA,NA,NA,NA,NA,NA,NA,NA,NA,NA,NA,NA,NA,NA,NA,NA
Ivory Coast,2006,NA,NA,544.4608455,NA,NA,NA,NA,NA,NA,77,NA,NA,NA,NA,NA,NA,NA,NA,NA,NA,NA,NA,NA,NA,NA,NA
Ivory Coast,2007,NA,NA,567.4679612,NA,NA,NA,NA,NA,NA,76,NA,NA,NA,NA,NA,NA,NA,NA,NA,NA,NA,NA,NA,NA,NA,NA
Ivory Coast,2008,NA,NA,562.1840932,NA,NA,NA,NA,NA,NA,74,NA,NA,NA,NA,NA,NA,NA,NA,NA,NA,NA,NA,NA,NA,NA,NA
Ivory Coast,2009,NA,NA,587.503995,NA,NA,NA,NA,NA,NA,81,NA,NA,NA,NA,NA,NA,NA,NA,NA,NA,NA,NA,NA,NA,NA,NA
Ivory Coast,2010,NA,NA,591.6328015,NA,NA,NA,NA,NA,NA,78,NA,NA,NA,NA,NA,NA,NA,NA,NA,NA,NA,NA,NA,NA,NA,NA
Ivory Coast,2011,NA,NA,569.3792403,NA,NA,NA,NA,NA,NA,61,NA,NA,NA,NA,NA,NA,NA,NA,NA,NA,NA,NA,NA,NA,NA,NA
Ivory Coast,2012,NA,NA,566.3443628,NA,NA,NA,NA,NA,NA,82,NA,NA,NA,NA,NA,NA,NA,NA,NA,NA,NA,NA,NA,NA,NA,NA
Ivory Coast,2013,NA,NA,544.0469551,NA,NA,NA,NA,NA,NA,75,NA,NA,NA,NA,NA,NA,NA,NA,NA,NA,NA,NA,NA,NA,NA,NA
Ivory Coast,2014,NA,NA,521.9787365,NA,NA,NA,NA,NA,NA,73,NA,NA,NA,NA,NA,NA,NA,NA,NA,NA,NA,NA,NA,NA,NA,NA
Ivory Coast,2015,NA,NA,505.1245664,NA,NA,NA,NA,NA,NA,79,NA,NA,NA,NA,NA,NA,NA,NA,NA,NA,NA,NA,NA,NA,NA,NA
Ivory Coast,2016,NA,NA,487.7421823,NA,NA,NA,NA,NA,NA,87,NA,NA,NA,NA,NA,NA,NA,NA,NA,NA,NA,NA,NA,NA,NA,NA
Ivory Coast,2017,NA,NA,465.2269388,NA,NA,NA,NA,NA,NA,83,NA,NA,NA,NA,NA,NA,NA,NA,NA,NA,NA,NA,NA,NA,NA,NA
Ivory Coast,2018,NA,NA,449.053646,NA,NA,NA,NA,NA,NA,83,NA,NA,NA,NA,NA,NA,NA,NA,NA,NA,NA,NA,NA,NA,NA,NA
Ivory Coast,2019,NA,NA,429.4736165,NA,NA,NA,NA,NA,NA,79,NA,NA,NA,NA,NA,NA,NA,NA,NA,NA,NA,NA,NA,NA,NA,NA
Ivory Coast,2020,NA,NA,447.3180787,NA,NA,NA,NA,NA,NA,72,NA,NA,NA,NA,NA,NA,NA,NA,NA,NA,NA,NA,NA,NA,NA,NA
Ivory Coast,2021,NA,NA,458.9859204,NA,NA,NA,NA,NA,NA,73,NA,NA,NA,NA,NA,NA,NA,NA,NA,NA,NA,NA,NA,NA,NA,NA
Ivory Coast,2022,NA,NA,409.2794182,NA,NA,NA,NA,NA,NA,73,NA,NA,NA,NA,NA,NA,NA,NA,NA,NA,NA,NA,NA,NA,NA,NA
Kenya,2000,96.3,2.664727,445.1201549,0.31806,0.41577,0.952,NA,NA,NA,82,NA,NA,8.8,0,17.1,34.4,NA,5.136,NA,3756.6362,82,45.360023,23.64738,3.62451434,3.62447,0.9991337
Kenya,2001,91.6,2.6377301,433.376416,0.619782,1.89758,0.978,NA,NA,NA,80,NA,NA,8.3,0,NA,33.5,NA,5.094,135.65,3778.2585,NA,46.23005,24.31646,3.74002314,3.73997,1.0590729
Kenya,2002,86.6,2.602009,436.4186573,1.20777,3.63815,0.985,NA,NA,0.138,84,NA,NA,7.8,0,NA,32.7,NA,5.027,114.18,3681.2568,NA,47.097984,25.034609,3.82159472,3.82154,1.1094894
Kenya,2003,81.6,2.564207,428.7528118,2.9419,4.72713,0.976,NA,NA,NA,73,52.3,NA,7.4,0,16.4,31.9,NA,4.937,NA,3674.086,NA,47.963722,25.753517,4.03365707,4.0336,1.1245385
Kenya,2004,76.6,2.5235686,426.0390191,3.02353,7.33478,0.862,1.4,0.465,NA,73,NA,NA,6.9,2,NA,31.1,NA,4.861,120.49,3743.5679,NA,48.82715,26.473114,4.21159506,4.21154,1.0797225
Kenya,2005,71.5,2.484157,433.5703773,3.1019,12.8839,0.801,NA,NA,NA,76,NA,NA,6.5,20,18,30.4,84.4,4.801,NA,3844.7356,NA,49.687233,27.193228,4.2174139,4.21736,1.1199672
Kenya,2006,67.1,2.4474013,449.6344209,3.6,19.8903,0.795,NA,NA,NA,80,NA,NA,6.2,38,NA,29.6,NA,4.754,106.31,3970.7334,NA,50.54483,27.913895,5.0134387,5.01338,1.1793349
Kenya,2007,63.2,2.4132519,474.9181392,4.4,29.8383,1.22,NA,NA,NA,81,NA,NA,6,57,NA,29,NA,4.718,102.96,4116.451,NA,51.399826,28.635044,5.12358475,5.12352,1.2724509
Kenya,2008,58.2,2.386966,483.9639573,5.2,41.584,1.65,NA,0.359,0.169,88,NA,NA,5.8,76,16.5,28.3,NA,4.66,NA,4002.8835,NA,52.252117,29.3566,5.19050598,5.19044,1.3563992
Kenya,2009,55.4,2.3692563,498.3071325,6.1,47.9215,1.64,NA,0.395,0.171,88,47.1,NA,5.6,78,NA,27.8,NA,4.567,NA,4012.1943,NA,53.100727,30.078413,5.29172945,5.29173,1.4598949
Kenya,2010,53.5,2.3578122,498.3800319,7.2,60.0234,0.915,1.4,0.713,0.172,90,NA,NA,5.5,50,NA,27.5,NA,4.446,110.78,4211.5244,NA,53.94644,30.800495,5.38849831,5.3885,1.5606275
Kenya,2011,52.2,2.355083,494.7507165,8.8,65.673,0.663,NA,1.406,0.177,96,NA,NA,5.3,69,12.4,27.2,NA,4.284,NA,4307.106,NA,54.79128,31.522917,5.20212841,5.20213,1.6056616
Kenya,2012,51.2,2.3572643,496.6239733,10.5,70.0227,0.573,NA,1.407,0.185,94,NA,NA,5.2,57,NA,27.2,NA,4.116,100.73,4387.938,NA,55.63461,32.245525,5.0180583,5.01806,1.6262444
Kenya,2013,50,2.3611288,485.1164733,13,70.7541,0.454,NA,0.896,0.194,87,NA,NA,5,59,NA,27.3,NA,3.955,98.62,4443.371,NA,56.477062,32.968246,4.93100405,4.931,1.6609136
Kenya,2014,48.8,2.3612337,471.9145266,16.5,73.0327,0.391,NA,0.941,0.2,92,57.6,52.9,4.9,70,11.2,27.5,NA,3.843,95.67,4558.552,NA,57.3176,33.6909,4.91267347,4.91267,1.8376821
Kenya,2015,47.4,2.3535013,453.3893221,16.5879,80.0958,0.182,NA,0.88,NA,89,62.5,NA,4.7,90,NA,27.8,NA,3.766,NA,4679.622,NA,58.156425,34.41337,4.76439571,4.7644,1.923885
Kenya,2016,46,2.3364267,440.933975,16.6,80.9772,0.151,NA,1.056,NA,88,NA,NA,4.5,92,13,28.1,NA,3.689,NA,4770.3105,NA,58.993332,35.135536,4.75429106,4.75429,2.0352907
Kenya,2017,45.3,2.3153186,427.5569173,17.8271,87.0265,0.142,NA,1.081,NA,81,NA,NA,4.3,85,NA,28.5,NA,3.609,NA,4846.8623,NA,59.828102,35.85725,3.98597503,3.98598,1.7115644
Kenya,2018,44.3,2.2894857,427.9984816,19.5,98.5945,0.131,NA,1.193,0.161,91,NA,NA,4.1,96,NA,28.9,NA,3.536,75.19,5017.668,NA,60.660904,36.57839,4.09903383,4.09903,1.7670722
Kenya,2019,43.3,2.2641904,414.8835886,22.6688,106.548,0.137,1.33,NA,NA,93,NA,NA,3.9,100,NA,29.3,NA,3.433,51.01,5171.7124,NA,61.490765,37.298798,4.36874676,4.36875,2.0087063
Kenya,2020,42.8,2.235875,421.1587024,NA,117.603,0.128,NA,0.59,NA,93,NA,NA,3.7,100,NA,29.8,NA,3.364,43.59,5057.4014,NA,62.31821,38.01834,4.49248886,4.49249,2.2100935
Kenya,2021,41.9,2.2103457,420.8537183,NA,122.298,0.115,NA,0.65,0.098,95,NA,NA,3.6,100,NA,30.5,NA,3.312,51.33,5338.8525,NA,63.14267,38.736877,4.56992722,4.56525,2.2292075
Kenya,2022,41.1,2.1835732,388.4453994,NA,121.169,0.116,NA,2.024,0.102,94,66,NA,3.4,92,9.8,31.3,NA,3.262,46.09,5491.694,NA,63.96426,39.454254,4.32241869,4.32604,2.0036442
Lesotho,2000,109.4,3.7232528,412.6161346,0.211806,1.07789,1.11,NA,NA,NA,84,NA,NA,22,0,NA,32.1,NA,3.605,89,1932.158,86,64.40585,13.910968,5.15633392,5.15633,2.9085224
Lesotho,2001,111.1,3.7666202,464.7846423,0.26115,2.84878,1.07,NA,NA,NA,79,NA,NA,22.5,0,NA,31,NA,3.63,NA,2004.0334,NA,64.960815,15.495739,6.59075689,6.59076,3.6062906
Lesotho,2002,112.4,3.8117652,484.125997,1.08394,6.91605,1.43,NA,NA,NA,85,NA,NA,22.8,0,NA,30,NA,3.682,89,2024.7872,NA,65.520195,17.071815,5.8607502,5.86442,3.183948
Lesotho,2003,113.7,3.8542945,508.2389878,1.5325,6.3449,1.77,NA,0.566,0.045,90,NA,NA,23.1,0,NA,29,NA,3.619,91.61,2127.373,NA,66.083824,18.618917,5.33754826,5.33755,3.1443472
Lesotho,2004,114.7,3.8842866,498.5989716,2.17552,9.95435,1.89,NA,NA,NA,90,69.6,NA,23.2,3,16.6,28.1,NA,3.508,83.98,2178.6648,NA,66.65221,20.151947,5.24658537,5.24659,2.9928052
Lesotho,2005,115.6,3.8938797,549.4879557,2.58025,12.7894,2.46,NA,NA,NA,89,NA,NA,23.3,6,NA,27.3,32.7,3.428,81.76,2275.016,NA,67.22455,21.670368,4.67452669,4.67453,2.2555501
Lesotho,2006,115.3,3.88851,696.1898136,2.97971,18.4011,2.73,1.3,NA,NA,89,NA,NA,23.5,17,NA,26.4,NA,3.414,79.01,2381.0203,66,67.801544,23.174437,5.40532398,5.40532,3.0487993
Lesotho,2007,111.5,3.8514826,891.424425,3.44543,24.6999,2.44,NA,NA,NA,88,NA,NA,23.8,30,NA,25.6,NA,3.442,91.88,2470.3147,NA,68.362175,24.655783,7.22251844,7.22252,4.639736
Lesotho,2008,108.8,3.7961347,1205.460975,3.58,30.1655,2.09,NA,NA,NA,88,NA,NA,24.2,17,NA,24.9,NA,3.392,75.25,2589.1663,NA,68.926674,26.123991,7.66648197,7.66648,4.36958
Lesotho,2009,96.4,3.7297683,1387.083234,3.72,33.369,2.02,NA,NA,NA,91,70.4,NA,24.6,48,13.4,24.3,NA,3.309,NA,2538.1934,NA,69.49442,27.578823,8.9529829,8.95298,4.8653994
Lesotho,2010,90.1,3.6674118,1311.056551,3.86,49.4651,1.93,NA,0.665,0.068,93,NA,NA,24.8,65,NA,23.8,NA,3.25,78.47,2651.378,NA,70.066124,29.020496,7.4048481,7.64084,3.9816153
Lesotho,2011,85.9,3.6074994,1209.529497,7,61.1891,1.92,NA,NA,NA,96,NA,NA,24.9,90,NA,23.6,NA,3.343,68.76,2749.3196,NA,70.64161,30.448933,8.99487114,9.07555,4.933639
Lesotho,2012,82.6,3.561654,1000.055791,10,75.9364,2.5,NA,NA,NA,95,NA,NA,24.9,91,NA,23.6,NA,3.296,87.87,2894.227,NA,71.19314,31.858604,9.98601341,10.04389,5.6255865
Lesotho,2013,80.2,3.5185263,854.9235672,15,87.0553,2.45,NA,NA,NA,93,NA,NA,24.9,89,NA,23.7,NA,3.283,94,2914.3752,NA,71.747284,33.256836,10.97986031,10.99587,6.1202807
Lesotho,2014,78.2,3.473607,707.1451368,22,102.822,2.39,NA,NA,NA,88,74.4,62.3,24.7,97,10.5,24,NA,3.239,75.26,2930.6172,NA,72.30429,34.643707,9.98823929,9.99925,5.808049
Lesotho,2015,75.1,3.4152582,593.8576793,25,101.688,1.93,NA,NA,NA,83,NA,NA,24.3,100,NA,24.5,NA,3.217,68,2986.9587,NA,72.86443,36.01929,9.25280476,9.2966,5.6201115
Lesotho,2016,71.8,3.3504646,517.5423379,32.4539,107.158,1.93,NA,NA,NA,87,NA,NA,23.8,96,NA,25.3,NA,3.18,84.53,3057.261,97,73.42728,37.38357,9.19744301,9.24264,5.5933475
Lesotho,2017,71.2,3.2798936,468.273259,39,110.37,0.493,NA,NA,NA,89,NA,NA,23.1,82,NA,26.1,NA,3.105,90.77,2924.681,NA,73.99309,38.73663,10.52956581,10.57478,6.0392356
Lesotho,2018,69.1,3.2118711,491.1342941,40.8,72.4555,0.381,NA,3.144,0.454,90,76.6,NA,22.3,93,10.5,27.1,NA,3.016,NA,2846.4182,86.24087,74.563286,40.078506,11.12637329,11.1686,5.595436
Lesotho,2019,68.7,3.13925,467.0080311,42.3017,76.1125,0.586,NA,NA,NA,92,NA,NA,21.5,97,NA,28.2,NA,2.924,NA,2773.2864,NA,75.137695,41.409134,21.92373085,21.96987,6.754378
Lesotho,2020,66.8,3.0708373,528.729213,43.6575,69.8944,0.518,NA,NA,NA,93,NA,NA,20.7,100,NA,29.5,NA,2.846,49.08,2517.1104,NA,75.71684,42.72844,10.40836906,10.45941,4.8719726
Lesotho,2021,64.4,3.0039597,576.8877271,45.0567,80.5368,0.423,NA,NA,NA,95,NA,NA,19.8,97,NA,30.9,NA,2.769,49.48,2544.7825,NA,76.300316,44.036373,10.66165733,10.8137,4.3842916
Lesotho,2022,61.5,2.940033,476.9258099,46.5007,68.1001,0.295,NA,1.756,0.151,92,NA,NA,18.9,90,NA,32.5,NA,2.716,53.22,2577.5454,NA,76.88866,45.332848,12.89569187,12.65128,6.55055
Liberia,2000,192.4,4.8909926,785.7559761,0.0177027,0.0512275,0.229,NA,NA,NA,48,73.3,NA,2.7,0,22.8,52.8,NA,5.875,NA,1868.1798,NA,61.027843,12.17349,2.69215393,2.87913,0.64587975
Liberia,2001,179.4,4.689204,720.040587,0.0338122,0.0663276,0.226,NA,NA,NA,44,NA,NA,2.6,0,NA,51.6,NA,5.774,153.4,1867.1191,NA,61.919704,12.467784,2.15581036,2.27907,0.5318647
Liberia,2002,166.6,4.483313,699.9531763,0.0327133,0.161562,0.223,NA,NA,NA,39,NA,NA,2.5,0,NA,50.5,NA,5.653,148.56,1887.646,NA,62.807823,12.765084,2.16462922,2.28036,0.5640135
Liberia,2003,154.3,4.287058,758.6182019,0.0318689,1.51465,NA,NA,NA,NA,35,NA,NA,2.4,0,NA,49.5,NA,5.547,166.55,1308.1509,NA,63.69158,13.064985,2.51847482,2.66177,0.4171488
Liberia,2004,143.1,4.11476,644.848166,0.0310112,2.98933,NA,NA,0.328,0.033,31,NA,NA,2.3,0,NA,48.4,NA,5.506,137.07,1326.5356,NA,64.57127,13.367705,5.90509653,6.33816,0.51704127
Liberia,2005,133.2,3.956384,618.5619209,NA,4.84699,NA,NA,NA,NA,60,NA,NA,2.2,0,NA,47.4,52.9,5.519,166.42,1335.6173,NA,65.4466,13.673037,6.69497347,7.14322,0.5453867
Liberia,2006,124.8,3.8163478,646.6887506,NA,8.02111,NA,NA,NA,NA,60,NA,NA,2,0,NA,46.4,NA,5.53,161.29,1364.6035,NA,66.20321,14.115801,5.77426577,6.06892,0.47191602
Liberia,2007,118,3.6929858,659.0974729,0.551377,15.3446,0.0558,NA,NA,NA,65,66,NA,1.9,1,20.4,45.4,NA,5.462,161.39,1422.1002,NA,66.95271,14.564331,4.32884932,4.32794,0.73447984
Liberia,2008,112.6,3.5872157,662.9332836,0.53,22.3666,0.0523,NA,0.256,0.014,75,NA,NA,1.9,11,16.4,44.3,NA,5.328,147.75,1463.124,NA,67.69488,15.018344,5.99615717,5.99616,0.9190216
Liberia,2009,108.1,3.4994128,673.8736144,2,27.5185,0.0602,0.7,0.861,0.023,81,NA,NA,1.8,11,NA,43.2,NA,5.174,154.41,1492.9982,NA,68.43246,15.480274,8.98514843,11.57164,1.1980319
Liberia,2010,104.4,3.4380934,712.1967919,2.3,38.7128,0.143,0.8,0.445,0.022,70,NA,NA,1.7,17,16.6,42.2,NA,5.058,146.75,1538.8508,NA,69.16527,15.950117,8.43860245,10.35445,1.2732017
Liberia,2011,101.1,3.3954484,725.9246778,2.5,47.869,0.22,NA,NA,NA,77,NA,NA,1.6,25,NA,41.4,NA,4.97,149.33,1601.0337,NA,69.89337,16.428091,8.58399582,9.71053,1.518294
Liberia,2012,98.2,3.3706777,728.1928588,2.6,54.4221,0.314,NA,NA,NA,80,NA,NA,1.6,27,NA,40.8,NA,4.881,145.82,1668.9729,NA,70.61615,16.913723,7.62987185,8.15445,1.550769
Liberia,2013,95.4,3.355591,725.0195911,3.2,57.0613,0.246,NA,NA,NA,80,78.1,70.8,1.5,21,15.3,40.3,NA,4.749,NA,1774.5206,NA,71.333885,17.407457,7.15610409,7.08146,0.31744617
Liberia,2014,95,3.3439913,801.1662527,5.41,70.6628,0.22,NA,NA,NA,63,NA,NA,1.4,22,NA,40,NA,4.622,144.88,1750.1438,NA,72.045975,17.908808,8.09817886,8.76284,0.8235825
Liberia,2015,90.8,3.3248942,784.2435979,10,78.3787,0.193,NA,0.1013,0.036,65,NA,NA,1.4,43,NA,39.9,NA,4.523,142.87,1714.0905,NA,72.75249,18.417978,10.38244438,10.4595,1.2042083
Liberia,2016,88.3,3.3000941,690.0564468,15.7,65.5437,0.168,0.63,NA,0.05,73,79.2,77.2,1.3,52,13.6,39.8,NA,4.461,NA,1653.3105,NA,73.453255,18.934938,9.88514519,9.88515,1.3931595
Liberia,2017,86,3.2712014,703.16306,16.3,54.8575,NA,NA,NA,0.052,80,NA,NA,1.3,59,NA,39.9,NA,4.396,135.38,1661.3029,NA,74.14774,19.45918,9.91087437,10.44922,1.387457
Liberia,2018,84,3.2317693,707.0065483,17.2777,NA,NA,1.64,0.638,0.142,81,NA,NA,1.2,70,NA,40.1,NA,4.336,128.05,1647.9745,NA,74.83621,19.991137,10.43527889,10.78197,1.687255
Liberia,2019,81.9,3.186639,689.4116876,18.3141,38.4042,0.119,NA,0.544,0.147,71,NA,NA,1.2,72,10.9,40.4,NA,4.257,NA,1575.7666,NA,75.518326,20.530525,8.38325977,8.38326,1.3562839
Liberia,2020,79.7,3.1321054,664.1135094,19.4126,32.1004,0.117,NA,0.639,0.153,66,87.3,79.5,1.1,54,NA,40.7,NA,4.174,124.15,1497.377,NA,76.193954,21.0773,12.90504265,12.90504,1.3230346
Liberia,2021,77.4,3.074721,667.4300543,20.5771,31.4299,0.114,1.59,0.486,0.171,67,NA,NA,1.1,75,NA,41.2,NA,4.089,130.82,1539.2089,NA,76.862976,21.631407,13.27175999,13.83844,1.110875
Liberia,2022,75.1,3.0184531,633.703636,21.8966,32.0639,0.116,NA,1.007,0.18,79,83.8,NA,1,69,NA,41.8,NA,4.016,NA,1578.9984,NA,77.52492,22.192307,13.58819675,13.47386,1.2900236
Libya,2000,28.1,1.5092033,70.98792696,0.187043,0.754003,11.4,4.12,NA,NA,94,NA,NA,0.1,0,NA,30.8,NA,2.906,15.75,17747.02,NA,NA,91.06455,3.31908512,3.31909,1.6166896
Libya,2001,27.3,1.4659156,70.67025595,0.366533,0.925302,12.2,3.85,NA,NA,94,NA,NA,0.1,0,NA,30.5,NA,2.866,NA,17115.988,NA,NA,90.95766,3.92571616,3.92572,2.1384184
Libya,2002,26.5,1.4212784,69.47103546,2.24442,1.27078,13.1,3.9,NA,NA,93,NA,NA,0.1,0,NA,30.3,NA,2.831,4.01,16629.436,NA,NA,90.85077,4.73818302,4.73818,3.1703541
Libya,2003,25.5,1.3706993,68.09749927,2.81452,2.26003,13.3,3.9,NA,NA,95,NA,NA,0.1,0,NA,30.2,NA,2.797,NA,18422.734,NA,NA,90.74387,3.97301245,3.97301,2.6319168
Libya,2004,24.4,1.3119928,66.78986451,3.53284,8.71582,13.9,3.9,4.734,1.243,97,NA,NA,0.1,0,NA,30.1,NA,2.773,NA,18851.203,NA,NA,90.636986,3.38328195,3.38328,2.2257426
Libya,2005,23.1,1.2435893,66.18383798,3.91779,34.1367,14.5,3.4,NA,NA,98,NA,NA,0.1,0,NA,30,9,2.765,5.1,20649.463,NA,NA,90.53009,2.51707149,2.51707,1.6273693
Libya,2006,21.7,1.1659925,66.33204009,4.30105,65.676,15.2,3.7,NA,NA,98,NA,NA,0.1,0,NA,29.8,NA,2.699,NA,21545.299,NA,NA,90.4232,2.29996443,2.29996,1.5032245
Libya,2007,20.2,1.0855378,67.06258115,4.722,73.7176,15.9,3.7,NA,NA,98,NA,NA,0.1,0,5.6,29.6,NA,2.648,NA,22422.012,NA,NA,90.31631,2.41929626,2.4193,1.6095381
Libya,2008,18.8,1.0102051,67.86565134,9,118.342,14.8,3.7,5.371,1.792,98,NA,NA,0.1,0,NA,29.4,NA,2.599,NA,21915.197,NA,93.07925,90.20941,2.24441886,2.24442,1.5185325
Libya,2009,17.6,0.9463756,69.84867774,10.8,149.75,16.7,3.7,6.751,1.888,98,NA,NA,0.1,0,NA,29.1,NA,2.556,5.67,20518.965,NA,93.07925,90.10252,3.5828805,3.58288,2.4647639
Libya,2010,16.6,0.8923486,70.57275353,14,167.748,18.9,3.7,NA,NA,98,NA,NA,0.1,NA,NA,28.8,NA,2.603,NA,21115.525,NA,93.07925,89.99563,3.28064442,3.28064,2.2944205
Libya,2011,19.6,0.8527969,80.6248386,14,157.649,15.8,3.7,NA,NA,98,NA,NA,0.1,NA,NA,28.6,NA,2.646,NA,10741.921,NA,93.07925,89.88874,4.01902008,4.01902,2.5437956
Libya,2012,15.1,0.80835253,74.03074933,15.2,155.146,13.2,3.7,NA,NA,98,NA,NA,0.1,NA,NA,28.3,NA,2.68,NA,20601.002,NA,93.07925,89.781845,3.95612097,3.95612,2.9190009
Libya,2013,14.5,0.7728381,74.57214078,16.5,162.346,12.5,3.7,6.978,NA,96,NA,NA,0.1,NA,NA,28.2,NA,2.716,10.86,16557.5,NA,93.35219,89.67496,4.97548628,4.97549,3.6518445
Libya,2014,13.9,0.7415046,77.25573985,17.76,132.204,14.2,3.7,6.724,2.148,94,NA,NA,0.1,NA,11.7,28,NA,2.754,NA,12499.083,NA,93.62513,89.56806,5.17777824,5.17778,3.4291353
Libya,2015,13.3,0.71418285,76.11851834,NA,149.225,16.3,3.7,NA,1.963,97,NA,NA,0.1,NA,NA,27.9,NA,2.711,NA,12195.349,NA,93.89807,89.461174,5.80638647,5.80639,4.0218773
Libya,2016,12.8,0.6875587,74.03940876,NA,115.499,20.7,3.7,NA,NA,97,NA,NA,0.1,60,NA,27.9,NA,2.673,NA,11831.826,NA,94.17101,89.35428,6.17178679,6.17179,4.1649265
Libya,2017,12.4,0.66183496,69.19734234,NA,89.3338,23.4,3.2,6.377,2.157,97,NA,NA,0.1,60,NA,27.9,NA,2.626,NA,15428.116,NA,94.443954,89.24739,4.67685318,4.67685,3.095332
Libya,2018,11.9,0.6386247,66.42091435,NA,NA,NA,3.2,NA,NA,73,NA,NA,0.1,72,NA,27.9,NA,2.581,NA,16385.164,NA,94.716896,89.140495,4.86648417,4.86648,3.4815333
Libya,2019,11.6,0.6163245,64.67242151,NA,164.004,22.7,3.2,NA,NA,73,NA,NA,0.1,71,NA,28.1,NA,2.539,NA,14337.196,NA,94.98984,89.03361,5.54773426,5.54773,3.95534
Libya,2020,11.2,0.59465,70.8368178,87.5754,164.987,22.4,3.2,NA,NA,73,NA,NA,0.1,71,NA,28.3,NA,2.507,NA,9978.664,NA,95.26278,88.92671,7.10674047,7.10674,5.5870085
Libya,2021,10.8,0.5755505,98.30335663,88.5598,195.118,22.1,3.2,NA,NA,73,NA,NA,0.1,71,NA,28.5,NA,2.462,NA,12641.51,NA,95.53572,88.819824,6.05457449,6.21384,4.472161
Libya,2022,10.5,0.55566,60.23006042,88.6412,192.973,16.9,3.5,NA,NA,73,NA,NA,0.1,72,4.3,28.9,NA,2.402,NA,11450.06,NA,95.80866,88.71293,4.74433613,4.65006,3.1484594
Madagascar,2000,105,3.117566,638.2805457,0.196395,0.38201,0.333,0.43,NA,NA,57,NA,NA,0.1,0,NA,36.6,NA,5.665,NA,1701.4432,71,36.442757,3.8245227,3.99177623,3.99178,1.8458903
Madagascar,2001,100.4,3.0409744,610.7078274,0.222512,0.865969,0.343,0.32,NA,0.087,60,NA,NA,0.1,0,NA,36.1,NA,5.528,155.7,1748.5035,NA,37.13655,4.276235,4.11513853,4.11514,1.8329154
Madagascar,2002,96,2.9699855,592.5506504,0.33972,0.928837,0.339,NA,0.299,0.133,62,NA,NA,0.1,0,NA,35.7,NA,5.412,163.06,1486.4343,NA,37.828545,4.729025,4.92866945,4.92548,1.7470967
Madagascar,2003,92,2.902981,570.9189056,0.423252,1.56966,0.33,0.39,0.29,0.144,66,NA,NA,0.1,0,NA,35.3,NA,5.329,157.68,1584.7493,NA,38.518227,5.183445,5.00276566,5.00277,2.1727872
Madagascar,2004,88.2,2.8366456,554.8495243,0.525354,1.79446,0.315,NA,0.273,0.152,78,39.9,NA,0.1,0,36.7,34.8,NA,5.264,164.98,1620.1195,NA,39.20603,5.638795,5.25090027,5.2509,2.1733115
Madagascar,2005,84.6,2.7708204,540.2430274,0.567722,2.66324,0.482,0.38,0.335,0.176,85,NA,NA,0.1,1,NA,34.3,42.1,5.195,156.47,1648.1763,59,40.04291,6.1211743,5.21557808,5.21558,1.9345008
Madagascar,2006,81.2,2.7095551,527.7089096,0.607552,5.30076,0.658,0.32,0.289,0.166,85,NA,NA,0.1,2,NA,33.7,NA,5.133,151.1,1686.8634,NA,40.878117,6.6062603,5.07203865,5.07204,1.8931404
Madagascar,2007,78.1,2.65259,521.7291603,0.65,10.9142,0.659,0.32,0.281,0.177,84,NA,NA,0.2,4,NA,33.2,NA,5.083,152.64,1731.6176,NA,41.71105,7.094046,4.60865784,4.60866,1.9043735
Madagascar,2008,75.3,2.5992494,510.3184735,1.65,23.1088,0.788,0.29,0.269,0.181,77,49.3,NA,0.2,2,NA,32.7,NA,5.043,154.69,1794.4023,NA,42.54249,7.584774,4.08111811,4.08112,1.4103563
Madagascar,2009,72.8,2.5525491,507.0019484,1.63,29.1628,0.864,NA,0.232,0.177,77,NA,NA,0.2,2,NA,32.3,NA,5.003,167.58,1673.1555,NA,43.370052,8.078092,4.38469839,4.3847,1.3058138
Madagascar,2010,70.7,2.5153565,499.5595548,1.7,34.7636,0.64,0.33,0.213,0.19,70,NA,NA,0.2,2,NA,32.1,NA,4.896,147.63,1635.2451,NA,44.194534,8.574233,4.69762659,4.69763,1.8678415
Madagascar,2011,69,2.4815514,491.5464069,1.9,38.0364,0.606,0.32,0.208,0.14,73,NA,NA,0.2,10,28.4,32.1,NA,4.737,145.18,1614.5514,NA,45.01538,9.0731735,4.521595,4.5216,1.6781344
Madagascar,2012,67.7,2.453242,486.9414527,2.3,37.4155,0.61,NA,0.207,0.139,68,NA,NA,0.2,7,32.6,32.2,NA,4.613,NA,1617.7908,72,45.832485,9.574977,3.91105914,3.91106,1.4897921
Madagascar,2013,66.9,2.432216,481.2378831,3,35.0949,0.605,0.32,0.284,0.149,70,51.1,NA,0.2,5,NA,32.5,NA,4.527,143.34,1610.6023,NA,46.64531,10.079611,3.75156307,3.75156,1.3042592
Madagascar,2014,66.2,2.418464,477.1834204,3.7,39.2253,0.6,0.32,NA,0.177,68,NA,NA,0.3,5,NA,32.9,NA,4.421,148.77,1620.3579,NA,47.454193,10.58723,4.46240282,4.4624,1.7481421
Madagascar,2015,65.8,2.4065518,473.8866672,4.17397,42.0572,0.585,NA,NA,NA,62,NA,NA,0.3,4,NA,33.3,NA,4.335,NA,1627.5806,NA,48.258175,11.097698,5.0062542,5.00625,1.9901099
Madagascar,2016,65.7,2.397508,469.8804851,4.71366,30.6447,0.569,NA,NA,NA,68,NA,NA,0.3,2,NA,33.8,NA,4.285,147.22,1648.9122,NA,49.05759,11.611171,5.33248854,5.33249,2.3719459
Madagascar,2017,65.7,2.3968973,468.6632194,6.4,32.5906,0.257,NA,NA,NA,65,NA,NA,0.3,7,NA,34.3,NA,4.259,150.77,1669.7277,NA,49.85194,12.127603,4.80225945,4.80226,2.2461512
Madagascar,2018,65.8,2.403446,465.6945292,7.7478,38.7516,0.251,NA,0.285,0.195,74,50.6,NA,0.3,17,26.4,34.6,NA,4.246,143.46,1678.7863,77,50.641125,12.647045,4.22160387,4.2216,1.4967548
Madagascar,2019,66.1,2.4097524,462.12295,9.37944,46.078,0.261,NA,NA,NA,69,NA,NA,0.3,19,NA,34.9,NA,4.221,143.01,1707.8315,NA,51.424255,13.169337,3.10129309,3.10129,0.68268955
Madagascar,2020,66.3,2.414331,447.3924142,11.3547,54.8085,0.171,NA,NA,NA,67,NA,NA,0.3,14,NA,35.3,NA,4.17,NA,1545.7272,NA,52.202076,13.694739,3.72316122,3.72316,0.6898853
Madagascar,2021,66.2,2.411798,466.7404833,13.7459,53.9177,0.121,NA,NA,NA,55,59.9,54.9,0.4,19,22.6,35.7,NA,4.104,NA,1577.4325,74.68614,52.973297,14.222966,3.55335546,3.50452,0.74739987
Madagascar,2022,65.7,2.4040504,438.6903382,18.5532,64.7495,0.129,NA,0.281,NA,57,NA,NA,0.4,18,NA,36.4,NA,4.036,NA,1602.7136,NA,53.73867,14.754285,3.14948058,3.25023,0.8958223
Malawi,2000,173.3,3.8670168,506.3500679,0.126781,0.433017,0.41,NA,NA,NA,75,56,NA,15.3,0,21.5,33.7,NA,6.002,NA,1239.3917,NA,54.130825,9.3511915,2.35247517,2.35248,1.0154229
Malawi,2001,159.9,3.6639876,446.7750843,0.164021,0.480719,0.471,NA,NA,NA,90,NA,NA,14.8,0,NA,33,NA,5.943,NA,1149.5804,NA,54.934772,9.353027,2.06040049,2.0604,0.83659285
Malawi,2002,145.5,3.455652,404.0189566,0.215095,0.724275,0.615,NA,NA,NA,64,NA,NA,14.3,1,21.7,32.3,NA,5.903,157.09,1140.8428,NA,55.7358,9.354806,2.69725966,2.69726,0.97493625
Malawi,2003,131.5,3.25422,345.6937471,0.278815,1.10917,0.698,NA,NA,0.011,84,NA,NA,13.6,2,NA,31.7,NA,5.875,171.82,1176.1239,NA,56.534264,9.356701,3.32019806,3.3202,1.1751387
Malawi,2004,119.3,3.0807445,303.6773404,0.347505,1.77698,0.744,NA,0.581,0.021,89,57,NA,12.9,5,18.6,31,NA,5.864,168.01,1208.2197,NA,57.3298,9.358539,4.07199907,4.072,0.85772187
Malawi,2005,109.9,2.9605854,283.4558243,0.384489,3.28008,0.8,NA,NA,NA,93,NA,NA,12.3,9,NA,30.3,59.2,5.848,175.93,1214.7427,NA,58.12274,11.643018,4.30046511,4.30047,1.0527487
Malawi,2006,103.4,2.8930788,285.8135883,0.425137,4.69867,0.985,NA,NA,NA,99,NA,NA,11.8,17,15.6,29.5,NA,5.802,165.81,1237.2739,NA,58.912743,13.919518,4.91223288,4.91223,0.9437108
Malawi,2007,98.3,2.8546307,333.0409779,0.965865,7.74032,1.29,1.1,NA,NA,87,NA,NA,11.3,23,NA,28.7,NA,5.724,167.63,1318.3319,NA,59.70012,16.188187,5.44258356,5.44258,0.734581
Malawi,2008,93.1,2.8257487,429.5690979,0.7,10.7873,0.797,NA,0.279,0.019,91,NA,NA,11.1,44,NA,27.9,NA,5.609,157.09,1378.4288,NA,60.48455,18.448866,6.10668802,6.10669,1.3674773
Malawi,2009,88.1,2.7843194000000002,511.6911522,1.07,17.2665,0.773,NA,0.334,0.019,93,NA,NA,10.9,50,11.7,27.2,NA,5.453,150.75,1449.7261,NA,61.269524,20.703001,5.87333822,5.87334,1.0557555
Malawi,2010,83,2.720737,516.9978379,2.26,21.0257,1.03,NA,NA,NA,93,45.5,NA,10.7,25,13.9,26.7,NA,5.263,154.95,1504.3751,NA,62.054718,22.95022,5.14304781,5.14305,1.1319664
Malawi,2011,76.7,2.6392245,486.0583572,3.33,25.8864,1.14,1.3,NA,NA,97,NA,NA,10.5,46,NA,26.5,NA,5.083,144.76,1533.2289,NA,62.840089999999996,25.19025,5.32226658,5.32227,1.1523948
Malawi,2012,69.8,2.5463336,446.7938953,4.3506,29.58,1.45,NA,NA,NA,96,NA,NA,10.3,56,NA,26.4,NA,4.902,143.24,1518.1481,NA,63.625042,27.422602,6.02199793,6.022,0.9564285
Malawi,2013,64,2.4550426,410.1348974,5.05,32.7317,0.208,NA,0.222,0.013,89,NA,NA,10.1,63,NA,26.6,NA,4.759,136.59,1555.5061,NA,64.40977,29.647062,8.22379494,8.22379,1.4820501
Malawi,2014,60.2,2.3748944,367.2964153,5.83,33.8868,0.114,NA,NA,NA,91,44.7,NA,9.9,67,16.7,26.9,NA,4.569,132.7,1597.5648,NA,65.19339,31.86306,6.89776182,6.89776,1.5681055
Malawi,2015,56.7,2.303901,353.8320272,6,38.4342,0.0846,NA,NA,NA,88,NA,NA,9.6,77,11.8,27.3,NA,4.384,137.63,1597.6914,NA,65.97633,34.070404,6.62879086,6.62879,1.8991421
Malawi,2016,53.5,2.2391655,311.8326776,6.3,40.8844,0.064,NA,0.293,0.031,84,50.6,42.4,9.4,83,14.6,27.8,NA,4.216,NA,1593.5955,NA,66.75751,36.26849,7.72703791,7.72704,1.9110184
Malawi,2017,50.6,2.1785862,283.8559708,7,43.0855,0.0961,NA,NA,NA,88,NA,NA,9,89,12.3,28.2,NA,4.113,127,1613.0593,NA,67.53726,38.457066,7.58438921,7.58439,1.7191967
Malawi,2018,47.5,2.1252692,267.4106444,8.79829,38.1956,0.0809,NA,0.43,0.15,92,NA,NA,8.7,97,11.5,28.7,NA,4.021,135.63,1638.9166,NA,68.315216,40.635674,6.88249922,6.8825,1.6887586
Malawi,2019,45.5,2.076906,259.5510568,11.0586,46.7841,0.0689,NA,NA,NA,95,NA,NA,8.3,92,10.8,29.1,NA,3.952,NA,1687.2894,NA,69.09077,42.803837,6.37021732,6.37022,1.5332996
Malawi,2020,43.1,2.0260901,256.4492836,13.8995,51.217,0.0638,NA,0.694,0.049,94,50.5,NA,7.9,96,12.8,29.7,NA,3.877,NA,1656.4398,70.15227,69.863945,44.961147,7.03859568,7.17979,1.5622458
Malawi,2021,41.5,1.9777763,285.7015603,17.4703,59.5599,0.0619,NA,NA,NA,93,NA,NA,7.4,93,NA,30.5,NA,3.791,NA,1687.5936,NA,70.63416,47.10713,7.5164628,7.62816,1.361469
Malawi,2022,39.9,1.9325621,238.957749,17.0457,59.6496,0.046,NA,0.507,0.049,86,NA,NA,7,89,NA,31.4,NA,3.72,NA,1659.9594,NA,71.40138,49.241287,6.62527609,6.50024,0.8769762
Mali,2000,187.6,5.116943,741.2467177,0.142546,0.0899536,0.339,NA,NA,0.044,43,NA,NA,1.7,0,NA,62.5,NA,6.886,NA,2187.719,NA,49.407425,17.333618,5.4663372,5.46632,1.2932186
Mali,2001,181.5,4.9465923,693.5906403,0.185897,0.20145,0.429,NA,NA,NA,49,29.9,NA,1.7,0,30,62,NA,6.852,NA,2458.4617,NA,51.004353,18.536629,4.51952076,4.51951,1.0540547
Mali,2002,175.2,4.7845626,649.2201828,0.227046,0.374136,0.461,NA,NA,NA,61,NA,NA,1.6,0,NA,61.4,NA,6.819,177.2,2455.6194,NA,52.665287,19.747852,4.99775982,4.99774,1.1098402
Mali,2003,169,4.637154,615.6745958,0.310364,1.94895,0.48,NA,NA,NA,63,NA,NA,1.6,0,NA,60.8,NA,6.783,173.5,2611.837,24,54.320118,20.966608,5.05061436,5.0506,1.4124384
Mali,2004,163.1,4.5063686,591.7091486,0.43282,3.1052399999999998,0.502,NA,0.636,0.057,69,NA,NA,1.5,0,NA,60.2,NA,6.741,189.57,2565.9775,NA,55.969055,22.193274,5.21768713,5.21768,1.5885142
Mali,2005,157.4,4.4022336,577.3039285,0.507063,5.62823,0.561,NA,NA,0.062,77,NA,NA,1.5,3,NA,59.5,58.6,6.708,188.46,2546.3328,NA,57.609673,23.42641,5.19517279,5.19517,1.3972083
Mali,2006,152.2,4.312598,567.6551861,0.729627,10.8144,0.59,NA,NA,0.058,78,35.4,NA,1.4,12,27.9,58.7,NA,6.677,189.62,2555.0747,26,59.24328,24.667166,5.4559021,5.45589,1.2240584
Mali,2007,147.3,4.229527,574.4597312,0.81,17.5054,0.553,NA,0.164,0.061,74,NA,NA,1.4,20,NA,57.9,NA,6.647,NA,2515.947,NA,60.867893,25.914383,5.2530427,5.25303,0.99671644
Mali,2008,142.6,4.152807,572.5497501,1.57,23.0146,0.543,NA,NA,0.064,74,NA,NA,1.4,11,NA,57,NA,6.624,186.44,2523.1997,NA,62.48401,27.16867,5.02688074,5.02687,0.7137343
Mali,2009,138.2,4.0781193,565.2651458,1.8,28.8979,0.549,0.2,0.419,0.119,73,NA,NA,1.4,41,NA,56.2,NA,6.592,NA,2575.5454,NA,64.08943,28.428661,5.21225691,5.21224,0.6656859
Mali,2010,133.9,4.0021567,557.8287161,2,46.6622,0.718,0.25,0.421,0.099,73,NA,NA,1.3,46,18.9,55.4,NA,6.579,177.52,2632.2646,31,65.6825,29.693285,4.67867136,4.67865,0.6689315
Mali,2011,129.9,3.927931,553.2612875,2.2,65.7107,0.636,0.24,0.346,0.114,66,NA,NA,1.3,64,20,54.7,NA,6.545,172,2623.3462,31,67.26265,30.962236,4.01485014,4.01484,0.6047653
Mali,2012,126.1,3.8597226,549.0358392,2.8,86.1757,0.66,0.22,0.355,0.103,65,NA,NA,1.3,70,NA,54.1,NA,6.523,NA,2520.5293,NA,68.82932,32.23522,3.7521801,3.75216,0.41352206
Mali,2013,122.4,3.8030627,525.218631,3.5,113.115,0.724,0.22,NA,0.116,64,41.2,39.9,1.2,42,NA,53.7,NA,6.491,181.36,2528.53,NA,70.38203,33.51196,3.96408582,3.96751,0.81583834
Mali,2014,119,3.7431417,506.8031569,7,130.44,0.857,0.25,NA,0.1,66,NA,NA,1.2,46,24.1,53.4,NA,6.441,174.39,2609.1672,NA,71.92057,34.792408,4.48158312,4.48158,0.8917376
Mali,2015,115.7,3.6895092,489.7170113,10.33,122.083,0.909,0.25,NA,0.097,70,38,NA,1.2,52,25,53.3,NA,6.385,NA,2686.5605,33,73.44428,36.07608,4.11143351,4.11143,0.9192738
Mali,2016,112.4,3.6370747,471.7054109,14,105.348,1.05,0.23,0.387,0.12,76,NA,NA,1.1,47,20.2,53.4,NA,6.319,164.48,2759.1106,NA,74.95305,37.362957,3.77377558,3.77378,1.2087682
Mali,2017,109.3,3.5875182,453.0326894,18.9,111.21,1.08,0.22,NA,0.116,77,NA,NA,1.1,46,17.1,53.7,NA,6.251,163.57,2816.1943,NA,76.446754,38.65302,3.67425752,3.67426,1.1775147
Mali,2018,106.1,3.5321665,434.2751569,21.4,107.404,1.12,0.25,0.411,0.123,76,43.3,56.1,1,47,18.6,54,NA,6.118,NA,2862.4072,35,77.92487,39.945816,3.73251104,3.7325,1.1511865
Mali,2019,103.1,3.4746315,415.9578666,24.9603,108.815,1.15,NA,NA,NA,77,NA,NA,1,39,18.5,54.3,NA,5.892,144.27,2916.1716,NA,79.38758,41.24156,3.82943797,3.82944,1.1192745
Mali,2020,100,3.4156272,404.7022521,29.113,116.587,1.3,NA,NA,NA,70,NA,NA,0.9,40,14.9,54.8,NA,5.85,144.75,2796.4104,NA,80.834236,42.53963,3.50623369,3.47598,1.4026955
Mali,2021,96.9,3.3566132,414.5671469,33.9565,108.693,1.34,NA,NA,NA,77,44.7,NA,0.9,48,17.5,55.3,NA,5.779,NA,2796.228,NA,82.26525,43.840446,3.54318666,3.4665,1.3553821
Mali,2022,94,3.2929335,381.0461847,34.3797,112.12,1.33,NA,0.416,0.195,75,NA,NA,0.8,43,18.5,55.9,NA,5.692,NA,2813.811,NA,83.68012,45.14342,3.72170115,3.67285,1.3656847
Mauritania,2000,98.2,3.89566,644.1166869,0.192031,0.585435,0.726,NA,NA,NA,51,NA,NA,0.7,0,29.7,57.3,NA,5.456,NA,5008.608,51,41.41342,18.152973,3.37824655,3.37825,0.46969447
Mauritania,2001,93.5,3.758315,616.4183429,0.261449,4.12366,0.928,NA,NA,NA,75,16.4,NA,0.7,0,NA,56.9,NA,5.407,NA,4847.4106,NA,42.328026,19.309328,3.5718379,3.57184,0.54510015
Mauritania,2002,88.1,3.6166263,589.671994,0.363229,9.02772,1.15,NA,NA,NA,89,NA,NA,0.7,0,NA,56.5,NA,5.373,103.04,4806.8984,NA,43.82345,20.575993,4.00224972,4.00225,0.8732657
Mauritania,2003,82.5,3.474069,571.3738586,0.424005,12.5249,1.36,NA,NA,NA,76,NA,NA,0.7,0,NA,56.1,NA,5.364,100.95,5023.6523,NA,45.32826,21.851927,4.03254652,4.03255,0.7719968
Mauritania,2004,77,3.3401318,557.2116335,0.48147,18.2106,1.36,NA,0.66,0.106,70,NA,NA,0.7,0,NA,55.8,NA,5.374,114.52,5139.2256,NA,46.842175,23.13722,3.70429492,3.70429,0.70654863
Mauritania,2005,71.8,3.2104154,535.6516681,0.669966,25.3692,1.4,NA,NA,NA,71,NA,NA,0.7,0,NA,55.5,47.7,5.376,109.84,5445.8296,NA,48.36375,24.43098,3.40312648,3.40313,0.8195586
Mauritania,2006,67.3,3.0934927,520.8810799,0.979661,35.1772,1.16,0.4,NA,NA,68,NA,NA,0.6,1,NA,55.1,NA,5.404,NA,6284.702,NA,49.893093,25.999716,2.70252752,2.70253,0.6761968
Mauritania,2007,63.5,2.9992325,516.4276607,1.43361,45.7142,1.3,NA,NA,NA,75,NA,NA,0.6,6,25.5,54.6,NA,5.426,126,6002.7783,NA,51.429905,27.603767,2.87644005,2.87644,0.7638784
Mauritania,2008,60.4,2.9194994,505.9403515,1.87,65.7184,2.4,NA,NA,NA,74,NA,NA,0.6,5,16.5,54.2,NA,5.436,119.49,5813.356,NA,52.974277,29.24446,3.01338983,3.01339,0.8877672
Mauritania,2009,57.9,2.8541918,499.6838868,2.28,66.4419,2.27,NA,0.701,0.134,64,NA,NA,0.5,8,NA,53.7,NA,5.406,95.11,5639.7876,NA,54.523674,30.920599,3.11034036,3.11034,0.8788552
Mauritania,2010,56.1,2.7977817,499.2312186,4,81.8661,2.11,NA,0.827,0.16,64,NA,NA,0.5,8,NA,53.3,NA,5.384,90.75,5605.7637,NA,56.079315,32.634514,2.63618922,2.63619,0.7315016
Mauritania,2011,54.5,2.7508717,493.5581228,4.5,94.6316,2.06,NA,NA,NA,75,48.4,NA,0.4,9,24.4,52.9,NA,5.38,107.09,5653.2173,NA,57.640537,34.38677,2.47383666,2.47384,0.7497497
Mauritania,2012,53.1,2.7071497,496.197373,5,111.231,1.8,NA,NA,NA,80,NA,NA,0.4,4,20.4,52.5,NA,5.352,76.95,5716.252,NA,59.206707,36.177895,2.64919329,2.64919,0.89773965
Mauritania,2013,51.7,2.6588535,495.8928264,6.2,106.798,1.45,NA,NA,NA,80,NA,NA,0.4,10,NA,52.3,NA,5.317,91.4,5769.7285,62,60.776455,38.007553,2.86799884,2.868,1.0828769
Mauritania,2014,50.4,2.613997,483.6251787,11.8,97.5267,1.34,NA,0.999,0.162,81,NA,NA,0.3,63,NA,52.2,NA,5.261,84.22,5837.852,NA,62.346672,39.873142,3.46724391,3.46724,1.2523447
Mauritania,2015,48.9,2.5649588,469.1549957,17.6,91.8941,1.29,NA,1.043,0.175,73,63,NA,0.3,60,24.9,52.2,NA,5.211,NA,5969.5425,65.11202,63.91647,41.774265,3.67363763,3.67364,1.4188392
Mauritania,2016,47.4,2.514327,455.966704,19.2328,88.4383,1.3,NA,NA,NA,74,NA,NA,0.3,19,NA,52.3,NA,5.157,94.97,5866.2812,NA,65.48501,43.710426,3.18699503,3.187,1.1993492
Mauritania,2017,45.9,2.4599051,449.911559,21.0172,96.7595,1.36,NA,1.086,0.19,76,NA,NA,0.2,14,NA,52.4,NA,5.106,NA,6050.6216,NA,67.05285,45.682846,3.41947556,3.41948,1.2312316
Mauritania,2018,44.5,2.4075153,437.1695952,22.967,105.275,1.38,NA,1.092,0.199,77,NA,NA,0.2,23,19.2,52.6,NA,5.044,88.24,6153.6377,NA,68.61882,47.690437,2.88362551,2.88363,0.91096455
Mauritania,2019,43,2.3537254,423.5905453,25.0978,105.441,1.38,NA,1.187,0.205,80,NA,NA,0.2,41,17.3,52.8,NA,4.984,89.64,6162.2104,NA,70.183174,49.73391,3.09176588,3.09177,1.10124
Mauritania,2020,41.7,2.3003278,412.8921273,27.4262,126.277,1.35,NA,1.156,0.208,81,NA,NA,0.2,25,16.8,53.1,NA,4.912,NA,5963.2354,59.52966,71.74513,51.812477,3.00147843,3.00148,1.0037924
Mauritania,2021,40.3,2.2497473,425.3389148,29.9707,137.54,1.23,NA,1.565,0.224,77,38.5,43,0.2,9,14.8,53.4,NA,4.848,NA,5836.566,NA,73.304955,53.926765,3.78022528,3.78023,1.4970013
Mauritania,2022,39.1,2.198896,385.1428214,34.3001,109.884,0.974,NA,1.609,0.236,85,NA,NA,0.2,29,22.4,53.9,NA,4.77,NA,6053.2617,NA,74.8619,56.075848,4.66962671,4.4839,1.7058071
Mauritius,2000,18.9,1.2452137,43.3411189,7.28154,14.795,23.1,3.76,NA,0.888,88,NA,NA,NA,NA,NA,18.4,NA,1.976,39.97,13481.754,84,99.35767,90.51944,2.85734653,2.85735,1.5294704
Mauritius,2001,17.6,1.131278,42.05340953,8.7809,22.2235,25,3.66,NA,0.904,92,NA,NA,NA,NA,NA,18.4,NA,1.895,34.18,13823.417,NA,99.380714,90.801094,2.92151856,2.92152,1.5712942
Mauritius,2002,16.6,1.0543208,41.98473278,10.2526,28.1611,25.8,3.54,NA,0.961,88,NA,NA,NA,NA,NA,18.5,NA,1.916,36.48,13949.475,NA,99.4038,91.08316,3.18897271,3.18897,1.6869628
Mauritius,2003,16,1.0177515,41.9599613,12.1871,37.2277,28,3.41,2.382,0.944,99,NA,NA,NA,NA,NA,18.6,NA,1.871,36.54,14669.5,NA,99.42695,91.36567,3.18201613,3.18202,1.6688329
Mauritius,2004,15.7,1.0091381,42.71362743,13.6891,43.8266,28.3,3.41,3.684,1.042,98,NA,NA,NA,NA,NA,18.7,NA,1.871,36.88,15209.017,NA,99.45014,91.64864,3.31652546,3.31653,1.8029528
Mauritius,2005,15.5,1.0106956,43.28130984,15.1722,52.2447,28.4,3.38,NA,1.067,97,NA,NA,NA,NA,NA,18.8,9.2,1.824,34.56,15387.98,NA,99.4734,91.93209,3.51794028,3.51794,1.6951575
Mauritius,2006,15.4,1.0117208,44.73080169,16.7,61.1178,28.3,3.4,NA,1.107,97,NA,NA,NA,NA,NA,18.9,NA,1.714,33.32,16061.603,NA,99.496704,92.21597,3.60573649,3.60574,1.6182624
Mauritius,2007,15.2,0.9998933,45.80363127,20.22,73.1476,28.4,3.35,2.599,1.122,97,NA,NA,NA,NA,NA,19,NA,1.672,34.53,16904.275,NA,99.52007,92.500336,3.52321672,3.52322,1.4731197
Mauritius,2008,15,0.9732501,47.7368853,21.81,81.0663,28.5,3.34,2.668,1.137,99,NA,NA,NA,NA,NA,19.2,NA,1.602,33.15,17750.594,NA,99.54349,92.785126,3.93896508,3.93897,1.3896819
Mauritius,2009,14.8,0.9473253,51.17137603,22.51,84.9704,29.3,3.48,2.737,1.152,99,NA,NA,NA,NA,NA,19.4,NA,1.528,31.87,18290.406,NA,99.56696,93.0704,4.17035627,4.17036,1.5798881
Mauritius,2010,14.8,0.93681693,52.55188686,28.33,92.8426,30.2,3.4,2.807,1.169,99,NA,NA,NA,NA,NA,19.7,NA,1.495,30.07,19045.654,NA,99.590485,93.35613,4.51898289,4.51898,1.9948463
Mauritius,2011,14.9,0.9374956,54.97621855,34.95,100.609,29.1,3.34,2.853,1.407,98,NA,NA,NA,NA,NA,20.1,NA,1.482,30.32,19790.53,89,99.614075,93.642334,4.25059652,4.2506,1.7481717
Mauritius,2012,15,0.93826234,54.56368436,35.42,115.252,27.1,3.46,2.899,1.336,98,NA,NA,NA,NA,NA,20.8,NA,1.479,30.09,20425.707,92,99.6377,93.928955,4.21993399,4.21993,1.8754807
Mauritius,2013,14.9,0.93051374,58.12179525,40.1168,118.793,28.1,3.45,3.07,1.585,98,NA,NA,NA,NA,NA,21.5,NA,1.419,26.56,21061.03,91,99.6614,94.2161,4.620821,4.62082,1.9316821
Mauritius,2014,14.7,0.9208183,60.34937525,44.8033,127.863,28.8,3.43,3.193,1.88,97,77.7,NA,NA,NA,NA,22.4,NA,1.371,24.17,21827.48,92,99.68514,94.50368,5.38024664,5.38025,2.4250338
Mauritius,2015,14.7,0.91496855,61.48437045,50.1393,136.372,29.4,3.47,3.297,1.972,97,NA,NA,NA,NA,NA,23.4,NA,1.319,23.14,22603.088,93,99.70895,94.791725,5.55042362,5.55042,2.3131711
Mauritius,2016,14.7,0.9170103,62.39712777,52.1913,140.424,30.2,3.51,3.2,2.14,96,NA,NA,NA,NA,NA,24.4,NA,1.352,23.12,23460.002,93,99.732864,95.080666,5.54289532,5.5429,2.4451075
Mauritius,2017,15,0.9335854,65.98688642,55.4032,142.525,32,3.52,3.444,2.261,94,NA,NA,NA,NA,NA,25.4,NA,1.395,23.8,24361.875,NA,99.75689,95.37045,5.59857273,5.59857,2.4747927
Mauritius,2018,15.3,0.9626306,66.63662167,58.5962,148.817,33.7,3.56,3.849,1.849,97,NA,NA,NA,NA,NA,26.4,NA,1.365,23.4,25324.178,NA,99.781006,95.66104,5.60310221,5.6031,2.4820082
Mauritius,2019,15.7,0.98593336,67.15214754,61.73,145.117,35.7,3.66,3.494,2.538,96,NA,NA,NA,NA,NA,27.5,NA,1.351,23.23,26047.975,NA,99.8052,95.95239,5.69508171,5.69508,2.5044203
Mauritius,2020,15.8,0.9867833,58.11271575,67.7329,149.07,37.3,3.68,NA,2.658,95,NA,NA,NA,NA,NA,28.6,NA,1.387,23.61,22258.387,NA,99.82945,96.24306,6.09606028,6.09606,2.9330695
Mauritius,2021,15.7,0.96558565,79.99164537,71.6,154.053,36.7,3.75,NA,NA,95,NA,NA,NA,NA,NA,29.9,NA,1.353,20.91,23010.201,NA,99.853745,96.525,6.6160841,6.61608,3.3577306
Mauritius,2022,15.5,0.9334083,60.57355441,75.5,164.309,36.2,3.77,4.048,1.197,95,NA,NA,NA,NA,NA,31.3,NA,1.27,19.88,25085.988,NA,99.87807,96.80746,5.84209728,5.82382,2.5242615
Morocco,2000,52.2,2.836926,271.3972459,0.693791,8.23968,5.01,0.88,NA,NA,95,NA,NA,0.1,0,NA,32.9,NA,2.774,29.67,5100.1157,NA,62.144,68.2173,3.69304585,3.69305,0.9364674
Morocco,2001,50.1,2.7618082,254.0910056,1.37144,16.5601,4.13,0.89,NA,0.483,96,NA,NA,0.1,0,NA,32.5,NA,2.686,28.32,5417.5786,NA,63.457108,68.99793,3.81601191,3.81601,1.0027348
Morocco,2002,47.9,2.691397,238.0677887,2.37325,21.2297,3.86,0.89,NA,NA,94,NA,NA,0.1,0,NA,32.2,NA,2.617,32.35,5544.072,NA,64.763954,70.195946,4.06117535,4.06118,1.0812308
Morocco,2003,45.7,2.6162071,224.1801311,3.35337,24.8885,4.12,0.89,NA,NA,91,NA,NA,0.1,0,9.8,31.9,NA,2.606,NA,5810.053,NA,66.06315,71.36111,4.08037519,4.08038,0.99790573
Morocco,2004,43.6,2.5356383,213.255949,11.6079,31.1717,4.37,0.87,0.812,0.532,97,30.5,NA,0.1,0,NA,31.7,NA,2.611,NA,5996.39,52,67.35523,72.238014,4.23211098,4.23211,1.0108582
Morocco,2005,41.3,2.4502537,196.4897965,15.0844,40.822,4.42,0.86,NA,NA,98,NA,NA,0.1,2,NA,31.5,40.4,2.613,NA,6103.4224,NA,68.7555,73.17732,4.37350655,4.37351,1.1025314
Morocco,2006,39.1,2.3608825,182.3822946,19.7712,52.0121,4.11,0.87,NA,NA,97,NA,NA,0.1,5,NA,31.2,NA,2.611,NA,6488.674,NA,70.163475,74.128624,4.56586647,4.56587,1.3018618
Morocco,2007,37,2.2680109,169.2781753,21.5,64.2243,7.68,NA,NA,0.585,95,NA,NA,0.1,7,NA,30.8,NA,2.618,NA,6620.5903,NA,71.553734,75.07866,4.80759001,4.80759,1.4162025
Morocco,2008,34.9,2.148231,158.1742112,33.1,72.1861,9.46,0.87,NA,NA,99,NA,NA,0.1,10,NA,30.3,NA,2.612,31.97,6901.9507,55,72.925606,76.02705,4.83789158,4.83789,1.5015202
Morocco,2009,32.9,2.0297794,148.3335054,41.3,79.0201,11,0.85,0.927,0.645,99,NA,NA,0.1,15,NA,29.8,NA,2.624,32.2,7063.727,56,74.27852,76.973434,5.27312183,5.27312,1.7209386
Morocco,2010,31.1,1.9168732,140.1077241,52,98.507,11.5,0.84,NA,NA,99,NA,NA,0.1,20,NA,29.4,NA,2.629,NA,7210.6367,NA,75.61386,77.91863,5.41861057,5.41861,1.7410204
Morocco,2011,29.3,1.809309,130.1918557,46.1075,111.064,10.8,0.83,NA,NA,99,55.3,NA,0.1,20,2.9,28.9,NA,2.595,NA,7503.793,67,76.930084,78.86171,5.37019396,5.37019,1.809121
Morocco,2012,27.7,1.7082491,121.0335733,55.4161,116.972,9.83,0.83,NA,NA,99,NA,NA,0.1,32,NA,28.6,NA,2.543,NA,7628.644,69,78.227585,79.802895,5.39619017,5.39619,1.8533497
Morocco,2013,26.2,1.6139475,112.6112235,56,125.56,8.66,0.82,0.97,0.63,99,NA,NA,0.1,31,NA,28.3,NA,2.478,NA,7839.032,NA,79.50588,80.741844,5.25540543,5.25541,1.8275183
Morocco,2014,24.7,1.5255711,105.7175881,56.7746,128.972,7.27,NA,0.944,0.912,99,NA,NA,0.1,36,NA,28.1,NA,2.425,NA,7951.7983,76,80.76534,81.67878,5.41626596,5.41627,2.0978522
Morocco,2015,23.4,1.4423287,99.65204053,57.08,124.48,6.42,NA,NA,NA,99,NA,NA,0.1,31,NA,28,NA,2.406,NA,8198.809,NA,82.00552,82.61339,5.10435581,5.10436,1.9821569
Morocco,2016,22.2,1.3678002,94.25250946,58.2712,118.532,5.91,NA,NA,NA,99,NA,NA,0.1,40,NA,27.9,NA,2.396,NA,8141.9404,NA,83.22677,83.545876,5.09203386,5.09203,2.0051885
Morocco,2017,21.1,1.3003396,88.09190685,61.7622,123.894,5.77,0.72,1.394,0.732,99,NA,NA,0.1,40,2.6,27.9,NA,2.375,NA,8450.009,NA,84.42866,84.475914,4.98920393,4.9892,1.9811255
Morocco,2018,20.2,1.2425139,83.13174525,64.8039,124.828,6.14,0.71,NA,NA,99,60.9,NA,0.1,42,NA,27.9,NA,2.354,21.79,8611.75,NA,85.6112,85.403465,4.94516659,4.94517,1.9875257
Morocco,2019,19.4,1.1898389,79.21254381,84.1204,128.875,5.67,0.7,NA,NA,99,NA,NA,0.1,52,3,28,NA,2.342,NA,8768.176,NA,86.7741,86.32823,5.020401,4.99531,2.023421
Morocco,2020,18.6,1.1403604,81.33571118,84.1204,135.088,6.44,0.74,NA,NA,99,NA,NA,0.1,48,NA,28.2,NA,2.32,NA,8054.563,NA,87.91768,87.250435,5.78939486,5.59079,2.4655173
Morocco,2021,17.9,1.0971867,92.06035223,88.1303,138.911,6.8,0.72,NA,NA,98,NA,NA,0.1,47,NA,28.5,NA,2.288,NA,8623.266,NA,89.04146,87.383644,5.45314503,5.52272,2.2556777
Morocco,2022,17.2,1.0575995,71.22582178,89.9,141.87,7.09,0.73,NA,NA,98,NA,NA,0.1,55,NA,28.9,NA,2.256,NA,8690.448,NA,90.14621,87.51635,5.75281,5.68049,2.9057043
Mozambique,2000,163,4.423074,525.4131203,0.109593,0.281666,0.473,NA,0.28,0.024,70,NA,NA,8.8,0,NA,49.9,NA,5.83,NA,711.9764,NA,23.441042,10.736809,2.14253044,2.14253,1.0860457
Mozambique,2001,154.2,4.1708155,450.4196741,0.160032,0.823467,0.471,NA,0.276,NA,73,NA,NA,9.4,0,24.5,49.4,NA,5.755,NA,785.79016,NA,24.448298,11.689138,2.80098224,2.80098,1.311831
Mozambique,2002,146,3.937858,375.1564014,0.259613,1.34378,0.461,NA,0.297,NA,76,NA,NA,9.9,0,NA,49,NA,5.667,178.65,842.64526,NA,25.892056,12.670603,3.18652654,3.18653,1.1759381
Mozambique,2003,138.5,3.7261906,338.0840759,0.419539,2.24704,0.4,NA,0.297,NA,85,53.1,NA,10.3,2,21.2,48.6,NA,5.6,NA,883.23914,48,27.363707,13.65972,3.25095367,3.25095,1.1753726
Mozambique,2004,131.6,3.539168,300.1965625,0.679448,3.56849,0.379,NA,0.328,0.026,83,NA,NA,10.6,4,NA,48.2,NA,5.551,179.4,934.134,NA,28.863594,14.656792,3.53062654,3.53063,1.1222966
Mozambique,2005,125,3.3798463,279.2883439,0.854357,7.40692,0.325,NA,0.334,NA,80,NA,NA,10.9,7,NA,47.7,68.8,5.5,NA,970.38995,NA,30.39102,15.661495,4.21435642,4.21436,1.4261055
Mozambique,2006,118.2,3.2383769,274.1454805,0.842954,11.2537,0.338,0.85,0.343,0.026,78,NA,NA,11.1,14,NA,47.3,NA,5.452,184.65,1041.8047,NA,31.94683,16.674465,3.94559026,3.94559,1.1424421
Mozambique,2007,110,3.119224,296.7698938,0.91,14.4675,0.366,0.75,0.369,NA,75,NA,NA,11.3,46,NA,46.7,NA,5.466,160.38,1095.1257,NA,33.529316,17.694735,3.79955554,3.79956,1.1721752
Mozambique,2008,103.7,3.017454,328.3943396,1.56,20.1888,0.359,0.79,0.396,NA,75,NA,NA,11.6,45,18.2,46.2,NA,5.598,NA,1141.9425,NA,35.28152,18.817574,4.13496828,4.13497,1.2070495
Mozambique,2009,97.5,2.9229364,312.7203125,2.68,26.6651,0.368,0.84,0.404,0.046,74,NA,NA,11.8,62,NA,45.8,NA,5.681,165.68,1178.7091,51,37.07133,19.960306,5.05562353,5.05562,1.2755909
Mozambique,2010,95,2.8413618,271.067211,4.17,31.4105,0.383,0.85,0.413,0.05,74,NA,NA,12,20,NA,45.3,NA,5.66,166.88,1224.2302,NA,38.887085,21.115784,5.29249668,5.2925,1.2437059
Mozambique,2011,90.5,2.774174,236.572222,4.6,33.2163,0.373,0.85,0.402,0.053,77,50.6,NA,12.3,42,15.6,45.2,NA,5.599,NA,1275.5295,NA,40.727234,22.283361,4.9217639,4.92176,1.2554624
Mozambique,2012,86.3,2.720676,191.0498609,5,36.1782,0.362,0.86,0.415,0.056,80,NA,NA,12.4,65,NA,45.1,NA,5.518,NA,1338.516,NA,42.591232,23.46306,5.14035702,5.14036,1.2355288
Mozambique,2013,82.6,2.6779365999999998,169.9053767,5.5,49.503,0.31,0.81,0.427,0.058,82,NA,NA,12.6,68,NA,45.1,NA,5.43,180.2,1385.8325,NA,44.47851,24.654894,6.04556036,6.04556,1.4987732
Mozambique,2014,79.2,2.6509745,179.7065825,6,71.6701,0.337,0.81,0.426,NA,85,NA,NA,12.7,76,NA,45.2,NA,5.304,193.9,1449.9293,NA,46.388504,25.85888,6.24013042,6.24013,1.7154053
Mozambique,2015,75.1,2.6420474,182.4514623,6.5,75.8447,0.336,0.78,0.91,NA,85,51.7,NA,12.8,77,15.6,45.3,NA,5.245,177.79,1512.5997,56,48.32064,27.075039,6.60972881,6.60973,1.786625
Mozambique,2016,72.3,2.6395798,169.8249717,7,54.9641,0.301,0.79,0.489,NA,85,NA,NA,12.9,71,NA,45.5,NA,5.188,180.13,1537.9086,NA,50.27433,28.303381,7.21501875,7.21502,1.7231313
Mozambique,2017,70.9,2.645236,155.7958392,7.79633,42.162,0.286,0.77,0.489,0.076,85,NA,NA,12.8,79,NA,45.6,NA,5.128,NA,1532.0073,61,52.248543,29.543547,7.80532169,7.80532,1.7367784
Mozambique,2018,69.5,2.647403,132.4901876,10.9,48.5007,0.217,0.77,0.488,0.084,85,NA,NA,12.8,79,NA,45.6,NA,5.07,NA,1538.8351,NA,54.243137,30.795918,7.97903347,7.97903,1.7863487
Mozambique,2019,68.3,2.6424918,111.3932605,12.4793,49.4351,0.27,0.72,0.48,0.085,85,51,NA,12.7,81,NA,45.7,NA,5.016,NA,1528.8899,NA,56.258774,32.061665,7.90207434,7.90207,1.8260498
Mozambique,2020,67.3,2.6317725,110.246003,14.2874,50.2319,0.289,0.71,0.492,0.083,71,NA,NA,12.6,77,14.8,45.7,NA,4.959,NA,1466.1248,60,58.294346,33.340454,7.55190039,7.54172,2.3917768
Mozambique,2021,65.8,2.6068625,160.5831627,16.3576,43.1636,0.188,0.74,0.574,0.081,56,NA,NA,12.4,81,NA,46,NA,4.905,158,1457.2354,NA,60.349987,34.633114,8.64841366,8.86982,2.2847292
Mozambique,2022,64.3,2.5768793,92.75863512,18.7913,45.8178,0.089,NA,0.934,0.082,55,NA,NA,12.1,83,15.4,46.4,NA,4.84,NA,1476.6656,NA,62.423756,35.93851,8.24868107,8.77718,2.288821
Namibia,2000,77.9,2.0858715,383.545165,1.64474,4.50885,6.06,NA,NA,NA,79,69.1,NA,13.4,0,20.2,26.3,NA,3.991,NA,7858.3877,NA,76.236244,27.148844,10.04545307,9.24,5.619382
Namibia,2001,77.1,1.9250854,376.0567013,2.41698,5.74029,6.32,NA,NA,NA,78,NA,NA,13.7,0,NA,25.2,NA,3.827,76.14,7786.5415,85,76.60734,27.59984,10.46567631,9.64409,5.7319045
Namibia,2002,76.1,1.7946521,313.2869254,2.6337,7.93663,6.42,NA,NA,NA,77,NA,NA,13.8,0,NA,24.2,NA,3.693,70.58,8017.2812,NA,77.08108,28.19683,10.47871208,9.68075,5.9247003
Namibia,2003,75.1,1.7051865,289.9263158,3.35984,11.6649,6.64,NA,NA,NA,79,NA,NA,13.8,1,NA,23.4,NA,3.58,82.35,8237.366,NA,77.56987,28.812288,10.74474621,9.91341,6.0618024
Namibia,2004,74.1,1.6631407,282.3904373,3.80472,14.7314,6.59,NA,3.164,0.308,81,NA,NA,13.6,7,NA,22.7,NA,3.545,74.32,9130.824,NA,78.05411,29.417826,10.88543797,10.12623,5.6972284
Namibia,2005,70.5,1.6751903,343.7868639,4.01005,22.8242,7.07,NA,NA,NA,86,NA,NA,13.4,35,NA,22,17.5,3.571,77.79,9245.137,NA,78.53209,30.010952,10.82506466,10.08442,5.24644
Namibia,2006,64.9,1.72747,407.5283126,4.39887,30.5663,6.84,NA,NA,NA,86,NA,NA,13.3,53,NA,21.3,NA,3.601,81.18,9773.298,NA,79.0046,30.592669,11.30290031,10.57087,5.0445566
Namibia,2007,60.6,1.8106899,488.7300093,4.83561,39.6448,6.84,NA,2.849,0.385,86,70.4,NA,13.2,69,17.4,20.7,NA,3.608,NA,10162.24,NA,79.47089,31.161837,11.413728710000001,10.71633,5.3863535
Namibia,2008,56.4,1.9132458,537.1472149,5.329,51.3909,7.1,NA,NA,NA,83,NA,NA,13.2,70,NA,20.1,NA,3.616,NA,10286.513,NA,79.931114,31.718586,10.67726994,9.91801,4.890474
Namibia,2009,52.9,2.0415323,547.3648617,6.5,78.5396,7.16,2.7,NA,NA,83,NA,NA,13.1,60,NA,19.6,NA,3.633,74.61,10166.29,NA,80.38344,32.260303,9.90435314,9.04967,4.3123884
Namibia,2010,50.8,2.181565,531.1404034,11.6,92.4288,7.44,NA,NA,NA,83,NA,NA,13.1,60,NA,19.2,NA,3.657,NA,10614.62,NA,80.82945,32.789116,10.62278938,9.72781,4.8826346
Namibia,2011,51.6,2.3297932,497.6523498,12,102.244,7.41,NA,NA,NA,82,NA,NA,13.1,65,NA,19,NA,3.658,78.24,10965.273,88,81.267654,33.30289,10.86068344,9.83193,5.1208496
Namibia,2012,55.1,2.4649518,439.4185527,12.9414,97.821,7.8,NA,NA,NA,84,NA,NA,13,58,NA,18.9,NA,3.676,82,11266.609,NA,81.705734,33.811874,10.20360184,9.26659,4.807536
Namibia,2013,54,2.5800393,401.5578372,13.9,121.106,8.15,NA,1.825,NA,89,62.5,68.8,12.8,72,13.2,18.9,NA,3.653,NA,11593.575,NA,82.13585,34.305325,10.08887577,9.06449,5.205611
Namibia,2014,53.1,2.6765943,368.9600917,14.84,115.52,7.9,NA,1.822,NA,88,NA,NA,12.6,83,NA,19,NA,3.635,NA,11982.696,NA,82.5579,34.783047,8.4089098,8.40891,5.0011506
Namibia,2015,55,2.7477834,306.5705313,25.6879,107.392,7.69,NA,1.838,NA,92,NA,NA,12.4,89,NA,19.3,NA,3.604,NA,12166.565,NA,82.97104,35.24387,9.98106289,9.9811,5.3939877
Namibia,2016,54.2,2.783049,249.6214173,31.0333,109.05,7.7,NA,1.974,NA,85,NA,NA,12.1,93,NA,19.6,NA,3.574,63.91,11846.788,NA,83.37098,35.682186,9.32231045,9.32232,5.764285
Namibia,2017,51.9,2.7937946,213.1216337,36.8374,106.915,7.7,NA,1.936,0.601,88,NA,NA,11.8,100,NA,20,NA,3.511,NA,11408.726,NA,83.75692,36.09711,8.71348476,8.72574,5.341074
Namibia,2018,50.1,2.769034,197.9482119,42.8,107.06,5.5,NA,2.061,0.335,89,NA,NA,11.5,100,NA,20.5,NA,3.462,NA,11214.386,NA,84.129105,36.489105,8.62148285,8.2861,5.1618066
Namibia,2019,47.8,2.7275355,174.9190889,49.8,106.533,5.28,NA,2.229,0.368,87,NA,NA,11.1,100,NA,21.2,NA,3.404,NA,10813.305,NA,84.5549,36.912308,8.85805798,8.39904,5.2688546
Namibia,2020,45.7,2.6585429,143.4450328,57.8608,106.207,5.14,NA,2.362,0.416,93,NA,NA,10.6,100,NA,21.9,NA,3.349,40.8,9652.248,NA,84.96892,37.31478,9.5606021899999991,8.88723,6.5141296
Namibia,2021,43.8,2.580239,254.2467461,60.26,103.727,3.27,NA,2.552,0.467,94,NA,NA,10.2,100,NA,22.8,NA,3.303,22.37,9709.1,NA,85.37136,37.69696,10.19644737,9.33766,6.5188537
Namibia,2022,42,2.5001235,126.8631761,61.1485,100.558,2.97,NA,5.386,0.543,84,NA,NA,9.8,100,NA,23.8,NA,3.248,NA,9953.098,NA,85.76199,38.058723,9.6219883,9.29636,5.806185
Niger,2000,227.8,4.413989,844.7606346,0.0362613,0.0178633,0.174,NA,NA,NA,34,NA,NA,0.7,0,43.1,51.2,NA,7.829,NA,1190.5668,NA,36.547905,6.49096,4.65891504,4.69006,1.1299987
Niger,2001,217.5,4.2747464,843.3342208,0.105185,0.0178346,0.182,NA,NA,NA,36,NA,NA,0.7,0,NA,50.5,NA,7.81,227.48,1233.0651,14,37.358814,6.909429,4.72659349,4.75815,1.1457742
Niger,2002,206.2,4.13619,834.5980311,0.127152,0.465951,0.181,NA,NA,0.033,39,NA,NA,0.6,0,NA,49.8,NA,7.797,NA,1248.8231,NA,38.111538,7.309869,4.82717037,4.85897,1.2073678
Niger,2003,194.4,4.006607,812.8296897,0.155699,0.643628,0.18,NA,NA,NA,41,NA,NA,0.6,0,NA,49.2,NA,7.789,199,1231.2781,NA,38.85821,7.7104874,4.74740648,4.77954,1.0709467
Niger,2004,182.8,3.89013,789.9231635,0.189934,1.29974,0.181,NA,0.212,0.022,43,NA,NA,0.6,3,NA,48.6,NA,7.777,199.11,1192.0824,NA,39.598194,8.111052,4.97818327,5.01119,1.1810163
Niger,2005,171.9,3.789271,763.7599388,0.221341,2.35423,0.174,NA,NA,NA,45,NA,NA,0.5,2,NA,47.9,67,7.769,NA,1233.8755,29,40.33089,8.512253,5.87749624,5.67638,1.9201821
Niger,2006,162,3.700236,737.0505872,0.294034,3.38506,0.21,NA,NA,NA,52,14.9,NA,0.5,2,35.6,47.3,NA,7.744,NA,1260.1205,NA,41.057503,8.91226,5.99335575,5.80891,2.0584102
Niger,2007,153.6,3.6257544,704.3361776,0.390391,6.0796,0.282,NA,NA,NA,58,NA,NA,0.5,5,37.9,46.7,NA,7.726,229.96,1252.7483,NA,41.777424,9.310818,5.43105888,5.38839,1.5016872000000001
Niger,2008,146.6,3.561685,668.6190967,0.7,12.3528,0.421,NA,0.138,0.019,67,NA,NA,0.4,13,34.6,46.1,NA,7.702,NA,1300.5542,NA,42.49009,9.707635,5.24640608,5.22304,1.5504853
Niger,2009,140.9,3.5122852,647.4690028,0.76,16.3011,0.479,NA,0.203,0.027,71,NA,NA,0.4,22,33.5,45.5,NA,7.679,209.92,1277.6923,NA,43.196632,10.103279,5.33850145,5.33017,1.5377779
Niger,2010,136.5,3.479815,621.3100698,0.83,22.1685,0.504,NA,NA,NA,70,NA,NA,0.4,81,40,44.9,NA,7.64,206.08,1336.5641,NA,43.89648,10.49747,4.96100473,5.02161,1.3119382
Niger,2011,133.1,3.4625375,584.9256953,0.9,27.613,0.497,NA,NA,NA,75,NA,NA,0.3,62,36.2,44.6,NA,7.592,NA,1318.1013,NA,44.5891,10.889889,4.87323856,4.87324,1.2722962
Niger,2012,130.7,3.4625263,553.9389227,1.05,30.2495,0.564,0.44,NA,0.053,73,32.8,36.9,0.3,54,32.1,44.4,NA,7.527,170,1403.1897,31,45.275574,11.281158,4.30732679,4.30733,1.039936
Niger,2013,128.9,3.4628253,525.5544621,1.15,37.8312,0.543,0.32,0.223,0.051,75,NA,NA,0.3,54,33.1,44.3,NA,7.445,NA,1423.2617,NA,45.955345,11.670969,4.46636009,4.46636,1.340448
Niger,2014,127.4,3.4732397,497.213925,1.24868,42.8624,0.548,0.29,0.307,0.027,82,NA,NA,0.3,66,34.6,44.3,NA,7.342,NA,1462.8213,NA,46.636,12.064471,4.45377159,4.45377,1.2771258
Niger,2015,126.3,3.4800332,472.9807254,2.47622,44.9309,0.552,0.26,0.205,0.032,84,38.5,NA,0.3,44,35.8,44.3,NA,7.215,146,1471.6614,NA,47.318092,12.462797,5.34745932,5.34746,1.1116312
Niger,2016,125.1,3.4872549,450.2698981,4.32276,36.1205,0.778,0.3,0.271,0.033,80,NA,NA,0.2,72,32,44.5,NA,7.043,NA,1500.0085,NA,48.000134,12.865716,4.53239059,4.53239,1.100864
Niger,2017,123.9,3.491644,432.890833,10.2243,40.955,0.533,0.18,NA,0.022,85,NA,NA,0.2,47,NA,44.7,NA,6.874,NA,1520.0016,NA,48.682644,13.27442,5.57609606,5.5761,1.8851448
Niger,2018,122.8,3.4922154,419.7231093,NA,NA,NA,0.24,0.226,0.036,79,NA,NA,0.2,45,37.5,44.9,NA,6.706,NA,1574.3384,33.04745,49.364204,13.688663,5.30310822,5.30311,1.7665759
Niger,2019,121.8,3.4878964,405.6530015,16.6119,52.8113,0.253,0.29,NA,0.038,81,NA,NA,0.2,38,31.3,45.2,NA,6.537,149.59,1612.6373,NA,50.045307,14.109697,5.66642094,5.66642,2.022365
Niger,2020,120.6,3.4746442,387.9691297,17.0375,60.0356,0.245,0.28,NA,0.034,81,NA,NA,0.2,32,33.4,45.5,NA,6.369,150.33,1615.6927,NA,50.725468,14.538063,6.17012262,6.17008,2.3136592
Niger,2021,119.1,3.4488616,396.3054456,17.474,61.5063,0.237,NA,NA,NA,82,43.2,NA,0.2,31,33.2,45.9,NA,6.2,NA,1585.5992,NA,51.403786,14.9739,5.81452751,5.81453,2.1221163
Niger,2022,117.1,3.4148302,360.9217258,23.2982,63.3771,0.249,NA,0.213,0.023,84,NA,NA,0.2,38,34.6,46.5,NA,6.135,NA,1717.5189,35.60971,52.080677,15.418583,4.34980488,4.3526,1.5349741
Nigeria,2000,182.3,4.6344767,1135.673469,0.0640808,0.0237375,0.438,NA,NA,0.269,29,NA,NA,2.2,NA,NA,50.3,NA,6.124,NA,4889.0034,NA,44.48031,27.994637,3.1973834,3.19738,0.5855941
Nigeria,2001,176.8,4.5256824,1129.846935,0.0899014,0.205187,0.462,NA,NA,NA,27,NA,NA,2.2,NA,NA,49.9,NA,6.128,126.26,5039.549,NA,45.765457,28.033907,3.18946862,3.18947,0.8576929
Nigeria,2002,171.1,4.4076133,1116.649953,0.320462,1.17557,0.526,NA,NA,NA,25,NA,NA,2.2,NA,NA,49.5,NA,6.116,140.12,5654.897,NA,47.323673,28.686348,2.49063969,2.49064,0.53133184
Nigeria,2003,165.4,4.292241,1090.391534,0.558576,2.29549,0.648,NA,1.533,0.262,29,47.4,NA,2.2,NA,26.7,49.1,NA,6.1,152,5905.315,55,48.889877,29.359259,5.05360985,5.05361,0.9298292
Nigeria,2004,159.8,4.183039,1075.124603,1.28614,6.48476,0.728,0.5,NA,NA,33,NA,NA,2.2,NA,NA,48.7,NA,6.09,125.56,6275.299,NA,50.46356,30.053265,4.63368416,4.63368,1.202034
Nigeria,2005,154.5,4.0867243,1059.810289,3.54916,12.8171,0.844,NA,1.472,0.279,36,NA,NA,2.1,NA,NA,48.2,29.5,6.063,141.48,6496.932,NA,52.043858,30.768913,4.46591949,4.46592,1.1413321
Nigeria,2006,149.6,4.0048046,1067.336234,5.54504,21.6815,1.13,NA,1.437,0.344,40,NA,NA,2.1,NA,NA,47.7,NA,6.053,139.84,6702.9453,70,53.630997,31.50685,4.25775146,4.25775,0.9018671
Nigeria,2007,145.2,3.9395928,1063.354699,6.77,26.3563,1.03,NA,1.432,0.373,42,NA,NA,2,NA,NA,47.1,NA,6.027,121.15,6949.4263,NA,55.224834,32.267693,3.90997243,3.90997,0.7786122
Nigeria,2008,141.3,3.8865843,1081.429754,8,39.9686,0.83,NA,1.427,0.371,53,44.8,NA,2,NA,NA,46.4,NA,6.024,129.32,7215.7695,NA,56.825226,33.052074,3.69581532,3.69582,0.6605994
Nigeria,2009,138,3.8408165,1088.097943,9.3,45.9849,0.915,NA,1.025,0.373,63,NA,NA,2,NA,NA,45.6,NA,5.993,134.02,7581.406,NA,58.430664,33.860287,3.5801971,3.5802,0.57001245
Nigeria,2010,135.1,3.8056614,1093.743329,11.5,52.3861,0.63,NA,1.291,NA,56,NA,NA,2,NA,NA,44.9,NA,5.948,123.14,7962.6396,NA,60.04206,34.693134,3.29653287,3.29653,0.44847032
Nigeria,2011,132.9,3.777174,1107.970104,13.8,55.5301,0.42,NA,NA,NA,53,56.6,NA,1.9,NA,24.2,44.2,NA,5.893,140.54,8153.5317,NA,61.655266,35.549942,3.32077932,3.32078,0.47937736
Nigeria,2012,130.9,3.7592237,1124.144501,16.1,64.0053,0.237,NA,NA,NA,36,NA,NA,1.9,NA,NA,43.5,NA,5.797,140.33,8265.905,NA,63.270264,36.430935,3.35984254,3.35984,0.5443667
Nigeria,2013,129.3,3.7422388,1146.022055,19.1,70.2825,0.199,NA,0.973,0.376,39,51.1,39.6,1.8,NA,NA,42.9,NA,5.694,149.92,8581.208,NA,64.88638,37.336075,3.4206934,3.42069,0.48927844
Nigeria,2014,127.9,3.7322276,1155.415835,21,74.7513,0.0986,NA,NA,NA,43,NA,NA,1.8,NA,20.6,42.3,NA,5.622,126.26,8884.774,NA,66.503624,38.26551,3.34840417,3.3484,0.44593188
Nigeria,2015,126.4,3.7140048,1167.736698,22.5,79.1045,0.0982,NA,NA,NA,42,NA,NA,1.7,NA,19.5,41.8,NA,5.503,119.66,8892.058,NA,68.122,39.21938,3.58194995,3.58195,0.5890784
Nigeria,2016,124.8,3.6940618,1155.23963,24.1,78.9701,0.0791,NA,1.67,0.443,53,NA,NA,1.7,NA,31.5,41.2,NA,5.343,117.78,8534.692,58.22134,69.74057,40.19733,3.64773679,3.64774,0.47496933
Nigeria,2017,122.8,3.6716821,1141.806647,25.9,72.368,0.0696,NA,NA,NA,55,49.1,NA,1.6,NA,NA,40.7,NA,5.182,106.46,8396.784,NA,71.359985,41.19972,3.74762511,3.74763,0.53266305
Nigeria,2018,120.2,3.632249,1118.378697,27.7,84.284,0.0686,NA,0.914,0.376,61,56.8,41.8,1.6,NA,21.8,40.1,NA,5.021,NA,8362.623,NA,72.97966,42.22626,3.09069347,3.09069,0.49754828
Nigeria,2019,117.5,3.5839767,1090.955468,29.7,88.1169,0.0512,NA,1.072,0.367,66,NA,NA,1.5,NA,NA,39.5,NA,4.861,80.95,8361.787,NA,74.59932,43.276752,2.98547053,2.98547,0.46980387
Nigeria,2020,114.4,3.537033,1064.693433,31.8888,95.4357,0.05,NA,0.394,NA,62,NA,NA,1.4,NA,18.4,38.9,NA,4.7,74.63,7664.211,NA,76.21904,44.351147,3.38063431,3.38063,0.5059786
Nigeria,2021,111.3,3.489764,1046.141459,35.5098,89.2916,0.0487,NA,1.105,0.395,61,51.5,NA,1.4,NA,24.4,38.4,NA,4.636,NA,7588.479,63.15554,77.838554,45.449158,4.07625723,4.07626,0.5410281
Nigeria,2022,108.1,3.4301298,1016.336736,37.6975,99.5852,0.0435,NA,1.647,0.394,59,NA,NA,1.3,NA,NA,38.1,NA,4.552,NA,7752.262,NA,79.45795,46.570675,4.21020174,4.2709,0.6195223
Rwanda,2000,184.9,4.315015,885.2350631,0.0628315,0.474803,0.214,NA,NA,NA,90,10.4,NA,4.9,0,20.3,21.1,NA,5.967,NA,1016.662,65,47.570583,43.88764,3.57583427,3.57583,0.64626944
Rwanda,2001,166.8,4.0296874,769.0452939,0.240672,0.784352,0.259,NA,NA,NA,77,NA,NA,4.8,0,NA,20.2,NA,5.893,53.01,1093.1841,NA,48.370342,45.690205,3.31599975,3.316,0.698044
Rwanda,2002,149.4,3.7547665,677.2326797,0.292785,0.980824,0.299,NA,NA,0.019,88,NA,NA,4.6,0,NA,19.4,NA,5.816,44.2,1220.7395,NA,49.185722,47.461193,3.12787294,3.12787,0.75793403
Rwanda,2003,133.3,3.493151,551.06288,0.356918,1.52232,0.298,NA,NA,NA,96,NA,NA,4.4,0,NA,18.6,NA,5.737,41.59,1220.4991,NA,49.75616,49.08273,6.92888737,6.92889,2.303809
Rwanda,2004,118.1,3.2571776,459.9269553,0.430854,1.55692,0.261,NA,0.413,0.049,89,NA,NA,4.2,33,NA,17.9,NA,5.64,42.39,1277.1927,NA,50.290203,50.68295,7.50856972,7.50857,1.928557
Rwanda,2005,104.9,3.0434027,465.3662622,0.556041,2.46261,0.261,NA,0.448,0.024,95,13.3,NA,4.1,46,17.9,17.2,6.4,5.5,42.52,1360.2959,NA,50.82476,52.28066,7.71997023,7.72469,1.6142824
Rwanda,2006,93.7,2.8590436,493.7913615,NA,3.37878,0.251,NA,NA,NA,99,NA,NA,4,59,NA,16.5,NA,5.335,39.96,1446.7109,NA,51.36014,53.87593,7.60511971,7.60938,1.4820578
Rwanda,2007,84.5,2.6968112,493.6226831,2.11539,6.6507,0.242,NA,NA,NA,97,NA,NA,3.9,70,NA,15.9,NA,5.141,39.69,1516.2675,NA,51.895737,55.468597,7.86262226,7.86269,1.7462798
Rwanda,2008,76.2,2.5615535,453.8719605,4.5,13.4904,0.171,0.6,0.668,0.052,97,23.9,NA,3.8,76,NA,15.3,NA,4.922,41.35,1641.7777,NA,52.43185,57.05875,7.55971909,7.55979,1.8138398
Rwanda,2009,69.2,2.4376376,418.3249734,7.7,24.1466,0.333,0.75,0.66,0.055,97,NA,NA,3.7,66,14.3,14.8,NA,4.707,41.04,1699.9446,NA,52.968792,58.6464,7.79951382,7.79959,1.8810712
Rwanda,2010,63.3,2.3304436,392.9083707,8,34.3954,0.384,0.74,NA,0.055,97,35.4,NA,3.7,66,11.7,14.4,NA,4.522,41.95,1779.1586,NA,53.505947,60.231503,8.08185482,8.08193,2.0392156
Rwanda,2011,58.1,2.23857,358.4834346,7,42.0494,0.368,0.72,0.641,0.0129,97,NA,NA,3.6,100,NA,14.2,NA,4.332,48.51,1874.215,NA,54.043617,61.814083,7.93233776,7.93242,2.1973975
Rwanda,2012,54.5,2.1631126,330.7634096,8.02385,52.5467,0.41,0.71,NA,NA,98,NA,NA,3.5,94,10.9,14.1,NA,4.201,43.69,1988.0122,68,54.582123,63.394104,8.1021471,8.10223,2.054912
Rwanda,2013,51.7,2.0998173,316.5066769,9,60.2989,0.409,0.77,NA,0.099,98,NA,NA,3.4,98,NA,14.1,NA,4.136,44.69,2032.4048,NA,55.12083,64.97163,6.77388763,6.77398,2.171884
Rwanda,2014,49.6,2.049681,301.0517234,10.6,68.167,0.437,0.71,0.908,0.089,98,NA,NA,3.3,100,NA,14.2,NA,4.117,NA,2106.2146,71,55.665066,66.54513,6.98448992,6.98472,2.193193
Rwanda,2015,47.8,2.0102737,291.5689526,12.5,75.2543,0.146,0.74,0.965,0.11,98,43.9,43,3.2,100,9.6,14.3,NA,4.108,41,2238.5393,NA,56.21518,68.11346,6.65061283,6.65067,2.1047218
Rwanda,2016,46.3,1.9756908,278.1357866,14.6,74.8502,0.112,0.73,1.036,0.12,98,NA,NA,3.1,100,NA,14.4,NA,4.106,41,2316.6372,NA,56.77061,69.67581,5.968925,6.96089,1.5660044
Rwanda,2017,45.2,1.9493523,275.0631397,17.2,72.2765,0.101,0.72,NA,0.135,98,NA,NA,3,93,NA,14.4,NA,4.084,35.15,2351.597,NA,57.332047,71.230896,5.37623835,6.36653,1.5632896
Rwanda,2018,44.3,1.9219638000000001,268.7325281,19.2,77.6795,0.104,0.73,1.186,0.132,97,NA,NA,2.9,93,12.3,14.5,NA,4.047,31.79,2493.44,73,57.899544,72.77761,5.45722818,6.65483,1.6432542
Rwanda,2019,43.4,1.8971144,261.306132,21.358,75.5985,0.0892,0.73,0.937,0.116,98,NA,NA,2.7,99,NA,14.6,NA,3.985,NA,2667.4646,NA,58.472855,74.31505,4.91471481,6.26709,1.7699116
Rwanda,2020,42.5,1.8724917,252.1236857,23.8,81.2379,0.0893,0.74,0.919,NA,91,47.2,70.4,2.6,100,7.7,14.7,NA,3.913,NA,2520.3174,80.05086,59.05236,75.84193,5.79862261,7.48697,2.1385381
Rwanda,2021,41.6,1.8539793,253.9698641,24.4416,81.6382,0.0891,0.74,0.95,NA,88,NA,NA,2.4,100,NA,15,NA,3.841,30.8,2733.4355,NA,59.638123,77.35711,6.23147202,7.30378,2.636119
Rwanda,2022,40.8,1.8324804,233.9668163,31.2252,80.5952,0.0757,0.73,1.106,NA,98,NA,NA,2.3,96,NA,15.4,NA,3.778,NA,2892.4597,79,60.23022,78.85947,5.92842579,7.87921,2.4323952
Sao Tome and Principe,2000,82.1,2.219322,180.1489483,4.63852,0,3.2,NA,NA,NA,82,NA,NA,NA,NA,NA,49.4,NA,5.157,NA,3852.8904000000002,NA,69.188705,20.790394,9.31892776,9.31893,3.5125937
Sao Tome and Principe,2001,76.6,2.1733508,178.3878939,6.31092,0,3.72,NA,NA,NA,92,NA,NA,NA,NA,NA,48.8,NA,5.097,NA,3907.0193,85,69.64653,21.947472,9.64001942,9.64002,3.7077303
Sao Tome and Principe,2002,71,2.120316,178.580239,7.58067,1.32069,4.25,NA,NA,NA,92,NA,NA,NA,NA,NA,48.1,NA,5.062,NA,3942.7605,NA,70.12288,23.139174,9.49860477,9.4986,3.776308
Sao Tome and Principe,2003,65.7,2.054292,178.4907609,10.1618,3.133,4.53,NA,NA,NA,94,NA,NA,NA,NA,NA,47.5,NA,5.013,133.36,4161.638,NA,70.59286,24.338629,11.46527386,11.46527,6.0549483
Sao Tome and Principe,2004,60.5,1.9822352,177.4561405,13.3229,4.91107,4.47,NA,1.953,0.514,96,NA,NA,NA,NA,NA,46.9,NA,4.962,128.71,4202.562,NA,71.051834,25.540426,10.7211771,10.72118,5.187798
Sao Tome and Principe,2005,55.6,1.9126266,181.1283194,13.7595,7.39487,4.4,NA,NA,NA,97,NA,NA,NA,NA,NA,46.2,95.6,4.939,NA,4371.497,NA,71.49903,26.857784,10.35199738,10.352,5.03137
Sao Tome and Principe,2006,51.1,1.8510427,176.8524435,14.182,11.1231,4.58,NA,NA,NA,97,NA,NA,NA,NA,NA,45.6,NA,4.933,110.05,4644.1807,NA,71.935,28.183596,7.10559654,7.1056,0.54927840000000006
Sao Tome and Principe,2007,46.8,1.7959293,173.8525818,14.5905,17.7366,4.51,NA,NA,NA,97,NA,NA,NA,NA,NA,44.8,NA,4.957,133.59,4698.084,NA,72.35981,29.517057,7.00608587,7.00609,1.6642518
Sao Tome and Principe,2008,43,1.7439564,173.5758363,15.48,29.0869,4.4,NA,NA,NA,99,NA,NA,NA,NA,NA,44,NA,4.906,NA,4873.181,NA,72.77357,30.857386,5.97009039,5.97009,1.2229886
Sao Tome and Principe,2009,39.5,1.6926947,171.7542826,16.41,45.4471,4.33,NA,NA,NA,98,72.4,NA,NA,NA,NA,43.2,NA,4.838,140.17,4919.1953,NA,73.17593,32.203236,5.75177002,5.75177,1.5904156
Sao Tome and Principe,2010,36.3,1.6246812,169.6717826,18.75,56.5065,4.29,NA,NA,NA,98,NA,NA,NA,NA,NA,42.5,NA,4.769,146.7,4882.048,NA,73.56744,33.554443,5.80827904,5.80828,2.1192741
Sao Tome and Principe,2011,33.3,1.5169753,164.3310125,20.1612,61.9653,4.29,NA,NA,NA,96,NA,NA,NA,NA,NA,41.8,NA,4.718,NA,4876.473,NA,73.94801,34.909992,5.65160036,5.6516,2.2988265
Sao Tome and Principe,2012,30.4,1.4104024,158.4401168,21.5724,64.4915,4.24,NA,NA,NA,96,NA,NA,NA,NA,NA,41.3,NA,4.664,111.99,4919.5527,90,74.31797,36.269466,7.07299662,7.073,2.3057148
Sao Tome and Principe,2013,27.7,1.3068601,149.730993,23,64.8875,3.61,NA,NA,NA,97,NA,NA,NA,NA,NA,40.8,NA,4.584,92,5072.112,NA,74.6745,37.627983,8.94060898,8.94061,2.9963508
Sao Tome and Principe,2014,25.4,1.2033231,138.4267823,24.41,65.3057,3.46,NA,NA,NA,95,83.6,NA,NA,NA,8.8,40.5,NA,4.485,92,5223.0957,NA,75.01849,38.985874,7.91452122,7.9145200000000004,2.7964396
Sao Tome and Principe,2015,23.1,1.1073192,127.8140542,25.82,92.3511,3.22,NA,2.207,0.313,96,NA,NA,NA,NA,NA,40.2,NA,4.354,107.86,5210.2036,NA,75.350266,40.342705,6.53226852,6.53227,2.0531044
Sao Tome and Principe,2016,21.1,1.0180464,119.4160207,28,87.4112,2.81,NA,NA,NA,96,NA,NA,NA,NA,NA,40,NA,4.203,NA,5388.5093,NA,75.67031,41.69835,7.60211611,7.60212,3.064708
Sao Tome and Principe,2017,19.5,0.939381,110.1970337,32.6,84.0523,2.69,NA,NA,NA,95,NA,NA,NA,NA,NA,39.7,NA,4.069,93.47,5521.2026,NA,75.979095,43.052734,7.46631384,7.46631,3.436538
Sao Tome and Principe,2018,18.1,0.8738853,100.2735464,38,77.3644,2.52,NA,1.932,NA,95,NA,NA,NA,NA,NA,39.5,NA,3.977,86.06,5674.7236,NA,76.27706,44.405804,5.91960287,5.9196,2.6242902
Sao Tome and Principe,2019,17,0.8194514,94.77671845,44.3,77.6791,2.24,2.91,2.165,0.489,95,89,NA,NA,NA,5.4,39.4,NA,3.9,NA,5702.0835,87.43846,76.56466,45.757557,5.48078823,5.48079,2.2323804
Sao Tome and Principe,2020,16,0.7750579,92.43941151,51.5547,80.1173,1.28,NA,NA,NA,96,NA,NA,NA,NA,NA,39.3,NA,3.827,NA,5742.9473,NA,76.8423,47.108013,7.32044411,7.32044,2.968079
Sao Tome and Principe,2021,15.3,0.73743546,97.68470729,61.5241,85.2578,1.18,NA,NA,NA,97,NA,NA,NA,NA,NA,39.3,NA,3.759,NA,5732.6943,NA,77.11048,48.45735,7.85889721,7.8589,3.3691332
Sao Tome and Principe,2022,14.6,0.7060893,82.46700036,61.5535,86.7785,1.11,NA,2.165,NA,92,NA,NA,NA,NA,NA,39.4,NA,3.695,NA,5632.1387,NA,77.55741,48.535053,5.7744813,7.4642,2.3120193000000002
Senegal,2000,129.3,3.763654,580.9831437,0.403967,2.51048,2.07,NA,NA,NA,52,NA,NA,0.7,0,17.8,57.4,NA,5.498,NA,3093.2878,NA,59.799736,36.639786,3.55015373,3.55015,1.2527444
Senegal,2001,122.1,3.6510968,559.5607383,0.983794,2.95518,2.32,NA,NA,NA,52,NA,NA,0.7,0,NA,57.1,NA,5.397,101.98,3149.331,NA,60.906647,37.62307,3.68148756,3.68149,1.415766
Senegal,2002,113.5,3.5325541,531.4736818,1.00645,5.28796,2.15,NA,NA,NA,60,NA,NA,0.7,0,NA,56.9,NA,5.301,99.72,3075.2317,39,62.01613,38.634377,3.95294404,3.95294,1.3399377
Senegal,2003,104.5,3.4102132,520.1214074,2.10144,7.29792,2.13,NA,NA,NA,73,NA,NA,0.7,0,NA,56.6,NA,5.246,100.69,3170.035,NA,63.194244,39.703808,4.29703569,4.29704,1.5444692
Senegal,2004,95.9,3.2780359,500.5155103,4.38602,10.2163,2.23,NA,0.3,0.056,87,NA,NA,0.7,0,NA,56.2,NA,5.192,100.31,3240.302,NA,64.421844,40.81602,4.56856203,4.56856,1.6270481
Senegal,2005,88,3.1565413,488.1222802,4.78668,15.3986,2.37,NA,NA,NA,84,39.8,NA,0.7,2,14.5,55.7,37,5.133,99.12,3301.8208,NA,65.6454,41.925907,3.67466521,3.67467,1.5951065
Senegal,2006,81.1,3.0490348,461.9735628,5.61174,25.9356,2.46,NA,NA,NA,89,NA,NA,0.6,8,NA,55.1,NA,5.064,96.24,3301.0315,42,66.86561,43.03406,3.76337624,3.76338,1.7594533
Senegal,2007,75.2,2.9494243,457.1440766,6.89,30.8471,2.29,NA,NA,NA,94,NA,NA,0.6,15,NA,54.4,NA,5.018,97.9,3316.4204,NA,68.08185,44.139957,3.41496587,3.41497,1.3188055
Senegal,2008,70.3,2.8558912,463.14639,7.12,44.727,1.97,NA,0.436,0.062,88,NA,NA,0.6,23,NA,53.5,NA,5.024,96.2,3359.7056,NA,69.29395,45.243454,3.50687575,3.50688,1.3871423
Senegal,2009,66.3,2.7723613,441.2062066,7.5,55.9396,2.26,NA,NA,NA,86,NA,NA,0.6,40,NA,52.6,NA,5.025,92.66,3371.4617,48,70.50139,46.34408,3.841573,3.84157,1.4065561
Senegal,2010,63,2.7011607,435.5107392,8,66.0344,2.71,NA,NA,NA,89,NA,NA,0.5,32,NA,51.5,NA,5.055,90.77,3403.5671,NA,71.70473,47.442345,4.02764368,4.02764,1.1616014
Senegal,2011,60.1,2.6414335,414.7133818,9.8,72.1733,2.67,NA,NA,NA,92,50,NA,0.5,38,18.4,50.5,NA,5.099,88,3362.8794,52,72.90342,48.537758,4.21416712,4.21417,1.3086191
Senegal,2012,57.7,2.6049469,404.690945,10.8,86.1775,2.55,NA,NA,NA,91,NA,NA,0.5,45,14.4,49.6,NA,5.129,79,3405.1086,NA,74.09696,49.62989,4.26688004,4.26688,1.2192271
Senegal,2013,55.7,2.5930011,385.4995377,13.1,95.7911,2.51,NA,NA,0.3179,92,46.5,66.6,0.5,68,14.8,48.7,NA,5.049,80.18,3385.426,44,75.28554,50.7189,4.38573599,4.38574,1.1707705
Senegal,2014,53.9,2.6105113,372.8908908,17.7,101.608,2.2,NA,NA,NA,89,48.1,75.6,0.4,60,12.8,47.8,NA,4.884,72.48,3484.0122,NA,76.46896,51.80463,4.38962269,4.38962,1.080037
Senegal,2015,52.4,2.6433773,356.6709264,21.7,102.509,2.06,0.68,0.192,0.2074,89,46.7,74.1,0.4,77,14,47,NA,4.751,72.04,3593.7947,43.59273,77.64932,52.88904,4.37789631,4.3779,1.078207
Senegal,2016,51.1,2.6786933,345.0990309,25.6648,101.011,1.9,0.72,0.299,0.078,93,53.8,75.3,0.4,82,13.8,46.3,NA,4.648,70.45,3710.0554,46.09964,78.82581,53.971493,4.25606871,4.25607,1.0680192
Senegal,2017,49.7,2.6942763,325.2286356,29.6431,101.831,1.88,NA,0.312,0.07,93,57,77.2,0.4,78,14.4,45.6,NA,4.489,70.45,3871.4514,52,79.998474,55.052105,4.16359377,4.16359,1.0106125
Senegal,2018,48.2,2.674356,305.3721208,35.3,104.056,1.9,NA,NA,NA,92,58.5,84.2,0.4,94,15.1,44.9,NA,4.294,69.22,3998.2864,46.60591,81.166245,56.12997,4.43182087,4.43182,1.118939
Senegal,2019,46.5,2.6158726,286.2699968,43.4,109.342,1.27,0.71,0.539,0.09,91,55.5,80.3,0.3,100,14.4,44.3,NA,4.1,67.42,4070.6123,46.83367,82.32886,57.204945,4.49531031,4.49531,1.0576885
Senegal,2020,44.6,2.526178,252.2235574,53.3088,113.638,1.36,NA,0.349,0.084,83,NA,NA,0.3,99,NA,43.7,NA,4.003,NA,4018.0413,NA,83.48557,58.276398,5.15119171,5.15119,1.7216188
Senegal,2021,42.5,2.4248652,262.8374497,57.2554,115.325,1.52,NA,0.535,0.101,85,NA,NA,0.3,96,NA,43.3,NA,3.936,NA,4173.6772,NA,84.63608,59.34415,4.44256258,4.44256,1.2009177
Senegal,2022,40.4,2.3224275,228.2423934,59.2246,118.15,1.68,NA,0.427,0.126,93,NA,NA,0.3,100,NA,43.1,NA,3.864,NA,4228.734,NA,85.77963,60.40759,4.0444808,4.06358,1.0871491
Seychelles,2000,13.8,0.87196356,44.59895554,7.39563,31.1589,24.7,NA,NA,NA,98,NA,NA,NA,NA,NA,24.8,NA,2.066,55,20633.674,NA,93.56641,95.4941,4.61071777,4.61072,3.785938
Seychelles,2001,13.7,0.8718145,42.9407638,11.0151,43.3574,25.1,NA,NA,NA,96,NA,NA,NA,NA,NA,24.3,NA,1.983,59,20147.418,NA,93.73978,95.691216,4.54768324,5.30533,3.7585733
Seychelles,2002,13.7,0.87203795,45.19913739,14.3042,52.0994,24.7,NA,NA,NA,99,NA,NA,NA,NA,NA,23.9,NA,2.027,57,19777.752,92,93.913155,95.888336,4.19562864,4.70597,3.6368394
Seychelles,2003,13.7,0.8721087,47.3250849,14.5925,56.563,24.3,4.81,NA,NA,99,NA,NA,NA,NA,NA,23.5,NA,2.046,60,18825.22,NA,94.086525,96.08546,4.86075974,5.50939,4.1458936
Seychelles,2004,13.8,0.8721439,52.37139754,24.2721,61.6736,24.1,4.72,7.188,1.429,99,NA,NA,NA,NA,NA,23.2,NA,2.036,54,18356.47,NA,94.259895,96.28258,4.66628933,5.37754,3.812825
Seychelles,2005,13.8,0.87298113,50.07729914,25.4133,65.8773,24,4.58,4.367,1.211,99,NA,NA,NA,NA,NA,22.9,8,2.182,59,19917.12,NA,94.433266,96.4797,4.44606543,5.21991,3.620178
Seychelles,2006,13.8,0.8729084,51.43553517,34.952,77.833,22.9,4.61,4.58,0.861,99,NA,NA,NA,NA,NA,22.5,NA,2.103,54.93,21341.86,NA,94.606636,96.67682,4.33191252,5.16842,3.4434094
Seychelles,2007,13.9,0.8740153,52.10551061,38.38,84.4864,24.8,4.38,4.492,1.031,99,NA,NA,NA,NA,NA,22.1,NA,2.225,58.46,23117.855,NA,94.78001,96.87393,3.79315019,4.50417,3.043008
Seychelles,2008,13.9,0.87434363,51.42184542,40.44,101.004,24.1,3.68,4.4,0.781,99,NA,NA,NA,NA,NA,21.8,NA,2.319,63.52,21990.37,NA,94.953384,97.07105,3.51518679,4.58248,2.4028265
Seychelles,2009,14,0.8749986,50.64729828,NA,118.2,27.9,3.51,NA,1.132,99,NA,NA,NA,NA,NA,21.6,NA,2.371,66.87,21361.13,NA,95.126755,97.26817,3.43580508,4.43327,2.3870523
Seychelles,2010,14.1,0.8751533,50.21290806,41,123.814,23.2,3.47,4.337,1.082,99,NA,NA,NA,NA,NA,21.5,NA,2.2,54.76,21708.756,94,95.300125,97.465294,4.40148449,5.35168,3.1060183
Seychelles,2011,14.2,0.8762724,49.71878863,43.164,130.477,28.8,3.25,NA,1.141,99,NA,NA,NA,NA,NA,21.5,NA,2.367,70.26,24406.412,NA,95.473495,97.662415,4.35539675,5.33888,3.0136552
Seychelles,2012,14.3,0.87838024,48.79719109,47.076,137.107,21,3.08,4.211,0.976,98,NA,NA,NA,NA,3.8,21.5,NA,2.407,67,24919.955,NA,95.646866,97.859535,5.2896843,6.26213,4.020181
Seychelles,2013,14.4,0.88072366,48.25365734,50.4,133.986,21.3,2.96,NA,NA,98,NA,NA,NA,NA,NA,21.6,NA,2.182,59,24770.652,NA,95.820244,98.05665,4.19129515,4.97012,3.205245
Seychelles,2014,14.5,0.8828539,45.86372986,51.2547,144.606,20.3,2.89,NA,NA,99,NA,NA,NA,NA,NA,21.8,NA,2.161,55,25379.418,NA,95.993614,98.25377,4.43609142,4.76224,3.1838534
Seychelles,2015,14.5,0.88583827,46.48182753,54.2596,138.249,19.9,2.82,NA,NA,97,NA,NA,NA,NA,NA,22.1,NA,2.217,57,27032.209,NA,96.166985,98.45089,4.24428654,4.30914,3.1209166
Seychelles,2016,14.6,0.8879276,46.9944495,56.5147,138.277,19,2.75,7.04,2.02,96,NA,NA,NA,NA,NA,22.5,NA,2.295,63,29905.135,NA,96.23174,98.64801,4.71349716,4.7135,3.259311
Seychelles,2017,14.7,0.88817894,47.23220189,62.6,148.792,17.5,2.69,NA,NA,97,99.2,NA,NA,NA,NA,22.7,NA,2.313,62,31595.668,NA,96.23826,98.84513,4.47661018,4.47661,3.269915
Seychelles,2018,14.8,0.89014757,48.60859439,69.2,155.551,17.6,2.9,7.365,2.328,99,99,NA,NA,NA,NA,23.1,NA,2.291,65,32841.426,NA,96.24474,98.874626,4.41706038,4.56916,3.164605
Seychelles,2019,14.8,0.89059275,47.89680353,76.6,164.617,17.1,2.88,5.438,2.107,99,99,NA,NA,NA,NA,23.4,NA,2.262,69,34346.07,NA,96.86047,98.88583,4.25269794,4.35729,3.042198
Seychelles,2020,14.8,0.88751805,51.12119916,84.8223,152.545,15.7,2.8,5.212,NA,97,99,NA,NA,NA,NA,23.9,NA,2.227,57,30056.2,NA,97.033844,98.89699,5.83709192,6.03122,4.4768867
Seychelles,2021,14.7,0.88004833,73.94598178,87.3383,149.479,15.3,2.74,5.024,NA,94,NA,NA,NA,NA,NA,24.5,NA,2.199,63,29979.828,NA,97.207214,98.89857,5.2088151,5.20266,3.7214627
Seychelles,2022,14.5,0.8677749,88.59012388,87.0353,163.43,15.2,2.68,7.291,3.819,97,NA,NA,NA,NA,NA,25.1,NA,2.166,46,27978.178,NA,97.380585,99.7,4.39909697,4.23752,2.9996474
Sierra Leone,2000,223.7,4.810496,1603.144212,0.118254,0.269915,0.429,NA,NA,NA,44,NA,NA,1.6,0,23.4,53.8,NA,6.355,174.39,1981.5061,NA,40.883118,7.6946874,5.29086494,8.48962,0.5601659
Sierra Leone,2001,218.2,4.74028,1517.585305,0.160264,0.573122,0.485,NA,NA,NA,38,NA,NA,1.7,0,NA,53.2,NA,6.305,NA,1749.3508,NA,41.223705,7.926171,5.22183514,8.36565,0.6539426
Sierra Leone,2002,212.6,4.6720943,1492.288175,0.176199,1.3477,0.483,NA,NA,NA,53,NA,NA,1.7,0,NA,52.7,NA,6.23,141.12,2089.2615,NA,42.356403,8.158258,5.55388832,9.40314,0.68559587
Sierra Leone,2003,206.7,4.6088624,1432.735623,0.190173,2.18657,0.489,NA,NA,NA,73,NA,NA,1.7,0,NA,52.1,NA,6.087,155.52,2196.2812,NA,43.489525,8.390952,5.06219816,8.45331,0.63837194
Sierra Leone,2004,200.6,4.5402913,1365.910495,0.203008,NA,0.495,NA,0.226,0.03,65,NA,NA,1.7,0,NA,51.6,NA,5.919,128.33,2260.8381,35,44.623043,8.949547,5.23798943,8.67061,0.60742605
Sierra Leone,2005,194.3,4.4581137,1294.227524,0.215392,NA,0.505,NA,NA,NA,65,NA,NA,1.7,1,27.2,50.9,74.8,5.807,142.53,2296.6577,NA,45.786724,9.5386505,5.23005009,9.04396,0.5922054
Sierra Leone,2006,187.7,4.3657074,1167.54875,0.227669,NA,0.516,0.4,NA,NA,64,NA,NA,1.6,7,NA,50.3,NA,5.737,145.85,2342.7546,NA,46.972153,10.156651,5.29913139,9.02353,0.5434931
Sierra Leone,2007,180.6,4.2638297,1132.427783,0.239835,13.4972,0.527,NA,NA,NA,64,NA,NA,1.6,9,NA,49.6,NA,5.643,144.08,2377.8054,NA,48.156315,10.795603,5.31662989,8.52284,0.4417356
Sierra Leone,2008,173.3,4.150346,1092.884163,0.25,17.1136,0.534,NA,0.149,0.0155,77,56.1,NA,1.6,30,NA,48.8,NA,5.563,NA,2404.652,NA,49.339134,11.45551,5.60332584,8.81158,0.4562117
Sierra Leone,2009,166,4.0299506,1053.616707,0.26,19.1557,0.542,NA,NA,NA,84,NA,NA,1.6,25,NA,47.9,NA,5.448,142.87,2376.5825,NA,50.520195,12.136221,6.27075481,9.68422,0.6334322
Sierra Leone,2010,158.7,3.9141953,1018.048707,0.58,32.1403,0.225,NA,0.148,0.021,86,74.7,NA,1.6,34,18.5,47.1,NA,5.327,122,2459.768,NA,51.69944,12.837726,5.64204741,9.12688,0.81356823
Sierra Leone,2011,151.7,3.8038344,967.1174321,0.9,33.4573,0.25,NA,0.274,0.025,89,NA,NA,1.6,43,NA,46.4,NA,5.209,130.82,2590.5283,NA,52.877167,13.56018,6.60636759,10.76754,0.70601135
Sierra Leone,2012,145,3.7028573,914.8796011,2.5,33.7349,0.275,NA,NA,NA,91,NA,NA,1.6,55,NA,45.7,NA,5.064,125.14,2792.9263,NA,54.053307,14.303586,5.92764187,8.94355,0.6394307
Sierra Leone,2013,138.8,3.6060596,842.3210401,4,59.5766,0.238,NA,1.235,NA,92,76,72.7,1.6,50,NA,45.2,NA,4.873,118.31,3124.7283,NA,55.227123,15.067603,8.45845032,11.59018,0.58837235
Sierra Leone,2014,136.8,3.526035,820.7769464,6.0573,69.1759,0.24,NA,0.973,NA,83,NA,NA,1.6,48,13,44.8,NA,4.703,137.63,2812.5283,NA,56.399235,15.852563,15.11886978,19.69005,1.0269574
Sierra Leone,2015,137.6,3.4530065,730.1059337,6.34442,80.3819,0.242,NA,0.835,NA,86,NA,NA,1.6,60,NA,44.5,NA,4.548,110.89,2628.1707,NA,57.56926,16.658285,12.3831234,19.65816,0.81068116
Sierra Leone,2016,122.7,3.3613923,632.9047751,11.7732,87.1476,0.236,NA,0.76,NA,84,NA,NA,1.6,61,NA,44.3,NA,4.466,101.35,2732.261,NA,58.737446,17.484947,10.05438519,15.78851,0.66393304
Sierra Leone,2017,117.9,3.2888472,578.4030383,13.2369,89.7782,0.23,NA,0.81,NA,90,77.5,NA,1.6,67,15.6,44.2,NA,4.389,103.57,2753.4272,44.83318,59.90581,18.333858,6.00532055,9.39976,0.5436627
Sierra Leone,2018,113.4,3.2214344,491.4969824,14.4223,84.1233,0.0576,NA,0.762,0.072,93,NA,NA,1.6,75,NA,44,NA,4.294,101.94,2767.3801,NA,61.07471,19.205484,5.29927444,8.28988,0.4913755
Sierra Leone,2019,109.1,3.1562817,463.5671591,15.7137,87.0384,0.00616,NA,0.865,0.032,95,78.8,86,1.5,71,13.5,44,NA,4.192,NA,2852.6626,43.57778,62.243595,20.09974,5.7052846,9.12993,0.7765914
Sierra Leone,2020,105.1,3.0923915,422.2578755,17.1208,87.0035,0.00239,NA,0.212,0.07,91,NA,NA,1.5,68,NA,44,NA,4.08,NA,2752.6262,NA,63.412212,21.016712,5.66489744,9.32589,0.8285924
Sierra Leone,2021,101.4,3.032379,403.2205497,18.6539,101.637,0.00332,NA,NA,NA,92,NA,NA,1.5,85,12,44,NA,3.978,NA,2849.3887,NA,64.580315,21.9565,5.07244635,8.55334,1.1479999
Sierra Leone,2022,97.7,2.9808366,369.6350364,19.2287,107.882,0.00325,NA,1.163,0.043,91,NA,NA,1.5,75,NA,44.3,NA,3.876,NA,2934.7332,NA,65.74765,22.919188,4.80377436,7.94752,0.8699919
Somalia,2000,NA,4.4915814,1150.383013,NA,NA,0.283,NA,NA,NA,33,NA,NA,NA,0,NA,44.9,NA,7.645,NA,702.8501,NA,26.554829,20.183788,NA,NA,NA
Somalia,2001,NA,4.5202312,1128.748741,NA,NA,0.38,NA,NA,NA,33,NA,NA,NA,0,NA,44.4,NA,7.636,NA,723.37976,NA,27.710966,20.96313,NA,NA,NA
Somalia,2002,NA,4.5431128,1120.901203,NA,NA,0.366,NA,NA,NA,40,NA,NA,NA,0,NA,44,NA,7.626,142.89,749.9136,NA,28.862886,21.738552,NA,NA,NA
Somalia,2003,NA,4.5570984,1110.879596,NA,NA,1.01,NA,NA,NA,40,NA,NA,NA,0,NA,43.7,NA,7.603,NA,777.8846,NA,30.224577,22.666643,NA,NA,NA
Somalia,2004,NA,4.584432,1104.060977,NA,NA,0.973,NA,NA,NA,30,NA,NA,NA,0,NA,43.3,NA,7.568,130.02,803.05975,NA,31.578945,23.587631,NA,NA,NA
Somalia,2005,NA,4.583889,1086.020182,NA,NA,0.939,NA,NA,NA,35,NA,NA,NA,0,NA,43,61.7,7.527,143.21,830.80725,NA,33.431435,24.638573,NA,NA,NA
Somalia,2006,NA,4.5895314,1085.323982,NA,NA,0.911,NA,NA,NA,26,6.3,NA,NA,0,32.8,42.7,NA,7.49,140.94,857.99365,NA,35.33958,25.698553,NA,NA,NA
Somalia,2007,NA,4.565172,1074.477427,NA,NA,0.883,NA,NA,NA,40,NA,NA,NA,1,NA,42.4,NA,7.457,NA,887.3693,NA,35.52331,25.47248,NA,NA,NA
Somalia,2008,NA,4.5260644,1035.256436,NA,NA,0.857,NA,NA,NA,31,NA,NA,NA,1,NA,42.1,NA,7.415,137.47,919.1321,NA,37.97607,26.867552,NA,NA,NA
Somalia,2009,NA,4.4529753,994.9014138,NA,NA,0.836,NA,NA,NA,42,NA,NA,NA,0,22.5,41.9,NA,7.376,NA,956.22034,NA,40.46678,28.262033,NA,NA,NA
Somalia,2010,NA,4.4384813,1062.472385,NA,NA,0.816,NA,NA,NA,45,NA,NA,NA,1,NA,41.6,NA,7.322,NA,995.2256,NA,42.991436,29.655231,NA,NA,NA
Somalia,2011,NA,4.6694107,972.333349,NA,NA,0.729,NA,NA,NA,41,NA,NA,NA,5,NA,41.7,NA,7.268,159.16,1054.3622,NA,45.54109,31.04291,NA,NA,NA
Somalia,2012,NA,4.301607,894.1012945,NA,NA,0.562,NA,NA,NA,42,NA,NA,NA,8,NA,41.9,NA,7.211,NA,1114.8042,NA,47.605667,32.047638,NA,NA,NA
Somalia,2013,NA,4.1570673,854.6860165,NA,NA,0.497,NA,NA,NA,44,NA,NA,NA,5,NA,42.2,NA,7.14,NA,1197.7217,NA,49.713455,33.05825,NA,2.81839,0.1370421
Somalia,2014,NA,4.097308,816.2461139,NA,NA,0.429,NA,NA,NA,46,NA,NA,NA,7,NA,42.6,NA,7.061,156.94,1259.2743,NA,51.863575,34.074875,NA,2.71561,0.10548612
Somalia,2015,NA,4.0254292,784.1913401,NA,NA,0.369,NA,NA,NA,48,NA,NA,NA,16,NA,43.1,NA,6.975,NA,1343.9252,NA,54.054592,35.09724,NA,2.84292,0.09905031
Somalia,2016,NA,3.9499547,754.0700382,NA,NA,0.335,NA,NA,NA,49,NA,NA,NA,17,NA,43.6,NA,6.878,128.06,1384.1552,NA,56.284977,36.12504,NA,2.27534,0.10706647
Somalia,2017,NA,3.9445117,715.9144104,NA,NA,NA,NA,NA,NA,51,NA,NA,NA,18,NA,44,NA,6.766,115.65,1527.6603,NA,58.552418,37.15736,NA,2.43361,0.13631769
Somalia,2018,NA,3.823109,726.8841127,NA,NA,0.484,NA,NA,NA,53,NA,NA,NA,24,NA,44.3,NA,6.662,NA,1504.9791,NA,60.855286,38.193867,NA,2.3717,0.13900605
Somalia,2019,NA,3.7264922,655.7733554,NA,NA,0.568,NA,NA,NA,57,24.4,NA,NA,27,NA,44.5,NA,6.56,NA,1491.2949,NA,63.190975,39.233406,NA,2.1906,0.15007043
Somalia,2020,NA,3.6780238,654.9483558,NA,NA,0.547,NA,NA,NA,55,NA,NA,NA,28,NA,44.8,NA,6.453,NA,1396.0554,NA,65.55782,40.275627,NA,2.2475,0.2304647
Somalia,2021,NA,3.6140165,725.8834919,NA,NA,0.527,NA,NA,NA,62,NA,NA,NA,24,NA,45.2,NA,6.353,NA,1392.3179,NA,67.9536,41.319683,NA,2.56882,0.34554738
Somalia,2022,NA,3.6145027,622.0243335,NA,NA,0.511,NA,NA,NA,71,NA,NA,NA,57,NA,45.6,NA,6.255,NA,1387.5475,54,70.376335,42.364967,NA,2.62183,0.3119135
South Africa,2000,71.1,1.3529311,174.7451063,5.34856,17.6825,10.5,NA,0.687,NA,73,NA,NA,13.8,0,NA,33,NA,2.413,NA,11183.825,NA,85.956,60.49737,7.3366189,7.33662,2.684802
South Africa,2001,74.3,1.2957189,192.2310757,6.34662,22.6776,10.4,NA,0.675,NA,71,NA,NA,14.5,1,NA,32.4,NA,2.373,NA,11387.492,NA,86.46224,61.27595,7.12327909,7.12328,2.4029071
South Africa,2002,76.9,1.2542428,225.2107217,6.71032,28.534300000000002,10.2,2.99,0.677,NA,70,NA,NA,15.1,4,NA,31.7,NA,2.324,55,11697.565,NA,86.97574,62.062374,6.67774487,6.67774,2.305701
South Africa,2003,79.3,1.2313128,244.9978687,7.00769,34.7626,10.1,NA,0.692,NA,69,56.1,NA,15.5,8,NA,31.1,NA,2.358,68.43,11923.121,NA,87.48564,62.846516,7.04098177,7.04098,2.7907665
South Africa,2004,81,1.2238078,258.8787733,8.42512,42.536,10,2.78,0.72,0.717,74,NA,NA,15.8,16,NA,30.5,NA,2.436,75.57,12341.21,NA,87.98649,63.62336,6.938416,6.93842,2.7315624
South Africa,2005,80.3,1.2292322,278.8084738,7.48854,68.6198,9.89,NA,0.749,NA,81,NA,NA,16.1,26,NA,29.8,16.9,2.512,NA,12861.563,NA,88.47753,64.3921,6.86216164,6.86216,2.7450306
South Africa,2006,77.5,1.2439086,283.4149713,7.60714,79.3267,9.78,NA,0.786,NA,84,NA,NA,16.3,37,NA,29.1,NA,2.548,88.15,13444.233,NA,88.959366,65.15306,6.87650871,6.87651,3.230117
South Africa,2007,71.9,1.2609404,271.9468869,8.06538,83.715,9.66,2.34,0.803,NA,85,NA,NA,16.6,49,NA,28.4,NA,2.545,NA,14016.244,89,89.43204,65.90613,6.90510845,6.90511,3.3001316
South Africa,2008,64.2,1.2744291,271.6270085,8.43,88.0375,9.54,2.32,0.855,NA,82,87.1,NA,16.8,63,9.1,27.8,NA,2.679,NA,14297.688,NA,89.89583,66.651344,7.14832258,7.14832,3.3849366
South Africa,2009,57,1.2727183,241.0636727,10,89.7687,9.41,NA,0.929,NA,81,NA,NA,17.1,79,NA,27.2,NA,2.501,86.1,13910.702,93,90.34985,67.387886,7.64941454,7.64941,3.8047519
South Africa,2010,50,1.2506905,226.0632028,24,96.2325,9.29,2.25,1.001,NA,77,NA,NA,17.4,93,NA,26.7,NA,2.445,NA,14164.996,93,90.7949,68.11619,7.79358244,7.79358,4.0003304
South Africa,2011,45,1.2224531,202.03339,33.97,120.766,9.16,NA,1.046,NA,75,NA,NA,17.7,100,NA,26.5,NA,2.436,70.65,14434.261,93,91.2308,68.83599,7.94434404,7.94434,4.120508
South Africa,2012,42.5,1.1951284,193.8049298,41,127.168,9.01,NA,1.092,NA,71,NA,NA,17.9,100,NA,26.4,NA,2.447,89.69,14563.763,94,91.65782,69.547325,8.00428867,8.00429,4.140353
South Africa,2013,41,1.1782556,179.7353094,46.5,140.576,7.09,NA,1.167,NA,81,NA,NA,18.1,100,NA,26.5,NA,2.428,NA,14681.097,NA,92.07544,70.24974,8.10322285,8.10322,4.145102
South Africa,2014,39.6,1.1691073,162.1404439,49,142.604,6.56,NA,1.203,NA,85,NA,NA,18.3,100,NA,26.6,NA,2.424,76.83,14643.339,94,92.48434,70.94353,7.87136555,7.87137,4.373565
South Africa,2015,38.2,1.1622508,150.4174191,51.9191,155.138,7.28,NA,1.239,NA,85,NA,NA,18.5,95,5.7,26.9,NA,2.359,71.1,14541.675,94,92.27668,71.62848,8.05304241,8.05304,4.5963244
South Africa,2016,36.8,1.1546242,141.1707763,54,143.929,7.9,NA,1.307,0.765,85,75.5,83.6,18.6,93,5.9,27.2,NA,2.261,NA,14501.281,91.73724,92.06339,72.30452,8.07959366,8.07959,4.572973
South Africa,2017,35.8,1.1490495,133.6857791,56.1674,153.548,8.35,NA,1.294,0.788,84,NA,NA,18.6,93,4.9,27.6,NA,2.283,NA,14573.598,87,91.84466,72.971504,7.97711372,7.97711,4.5655403
South Africa,2018,34.9,1.1468366,127.517952,62.4,157.692,5.71,NA,1.204,0.759,82,NA,NA,18.6,94,NA,28,NA,2.27,NA,14553.562,NA,91.620865,73.62941,8.0819664,8.08197,4.6102347
South Africa,2019,34.5,1.1457222,119.4523829,69.6969,162.739,3.4,NA,1.085,0.799,85,NA,NA,18.5,95,NA,28.5,NA,2.264,42.93,14352.67,95,91.3924,74.27819,8.24652863,8.24653,4.8000636
South Africa,2020,34.1,1.145194,118.2862771,72.1128,158.447,3.47,NA,1.008,NA,84,NA,NA,18.4,96,NA,29,NA,2.257,41.39,13250.566,NA,91.159836,74.917854,9.02174091,9.01329,5.845103
South Africa,2021,34.1,1.1489775,191.1687609,74.9686,163.128,2.39,NA,NA,0.809,86,NA,NA,18.2,96,NA,29.7,NA,2.248,47.51,13681.955,90,90.9231,75.54831,8.6645031,8.67433,5.494962
South Africa,2022,34.4,1.1563697,129.2300285,75.4556,160.729,2.1,NA,6.393,NA,85,NA,NA,17.9,97,NA,30.4,NA,2.227,40.13,13767.497,NA,90.68253,76.16956,8.74512291,8.77087,5.3831186
South Sudan,2000,182.7,5.648192,1657.763652,NA,NA,NA,NA,NA,NA,NA,NA,NA,2.4,0,NA,35,NA,6.803,NA,NA,NA,NA,NA,NA,NA,NA
South Sudan,2001,173.8,5.51936,1580.064807,NA,NA,NA,NA,NA,NA,NA,NA,NA,2.4,0,NA,34.3,NA,6.654,NA,NA,NA,NA,NA,NA,NA,NA
South Sudan,2002,165.1,5.3871527,1521.041479,NA,NA,NA,NA,NA,NA,NA,NA,NA,2.5,0,NA,33.7,NA,6.515,176.91,NA,NA,NA,NA,NA,NA,NA
South Sudan,2003,156.5,5.261662,1199.001499,NA,NA,NA,NA,NA,NA,NA,NA,NA,2.5,0,NA,33.1,NA,6.353,NA,NA,NA,NA,NA,NA,NA,NA
South Sudan,2004,148.4,5.1336417,1149.61875,NA,NA,NA,NA,NA,NA,NA,NA,NA,2.5,0,NA,32.5,NA,6.19,NA,NA,NA,NA,NA,NA,NA,NA
South Sudan,2005,140.8,4.997179,1074.164192,NA,NA,NA,NA,NA,NA,NA,NA,NA,2.4,0,NA,31.9,NA,6.022,160.75,NA,NA,NA,NA,NA,NA,NA
South Sudan,2006,133.5,4.876072,1005.149874,NA,NA,NA,NA,NA,NA,NA,NA,NA,2.4,0,32.5,31.3,NA,5.853,NA,NA,NA,NA,NA,NA,NA,NA
South Sudan,2007,127,4.7462745,932.5363151,NA,NA,NA,NA,NA,NA,NA,NA,NA,2.3,0,NA,30.8,NA,5.704,155.22,NA,NA,NA,NA,NA,NA,NA
South Sudan,2008,120.6,4.61478,857.5966255,NA,NA,NA,NA,NA,NA,NA,NA,NA,2.3,1,NA,30.3,NA,5.569,158.09,NA,27,NA,NA,NA,NA,NA
South Sudan,2009,114.7,4.4652333,822.8949927,NA,NA,NA,NA,NA,NA,NA,NA,NA,2.2,2,NA,29.8,NA,5.446,NA,NA,NA,NA,NA,NA,NA,NA
South Sudan,2010,109.4,4.3249373,776.1832753,NA,15.391,0.0246,NA,NA,NA,NA,17,NA,2.2,8,27.7,29.5,NA,5.318,NA,NA,NA,NA,NA,NA,NA,NA
South Sudan,2011,104.5,4.211217,770.1919649,NA,17.4959,0.0214,NA,NA,NA,61,NA,NA,2.1,11,NA,29.3,NA,5.193,NA,NA,NA,40.29792,6.9859357,NA,NA,NA
South Sudan,2012,100.9,4.1206346,755.0650342,NA,21.3829,0.00139,NA,NA,NA,63,NA,NA,2.1,12,NA,29.4,NA,5.061,NA,NA,NA,40.318222,7.5800757,NA,NA,NA
South Sudan,2013,99.2,4.0669665,771.4185057,2.2,25.5522,0,NA,NA,NA,53,NA,NA,2,23,NA,29.7,NA,4.939,NA,NA,NA,40.317005,8.200892,NA,NA,NA
South Sudan,2014,182.3,4.1858954,1215.602782,2.6,25.5993,0,NA,NA,NA,50,NA,NA,2,22,NA,30,NA,4.818,NA,NA,NA,40.2951,8.849156,NA,NA,NA
South Sudan,2015,236.6,4.2710805,1435.578641,3,26.0993,0,NA,NA,NA,46,NA,NA,2,51,NA,30.4,NA,4.695,NA,NA,NA,40.253815,9.526079,NA,NA,NA
South Sudan,2016,263.9,4.317013,1629.399793,3.5,24.9305,0,NA,NA,NA,45,NA,NA,1.9,36,NA,30.8,NA,4.579,NA,NA,NA,40.193924,10.232369,NA,NA,NA
South Sudan,2017,278.2,4.3464313,1661.52114,4.1,27.1848,0,NA,NA,NA,52,NA,NA,1.9,79,NA,31.3,NA,4.483,NA,NA,NA,40.11642,10.968943,22.11322403,15.9573,1.8667973
South Sudan,2018,132.4,4.0995054,912.8396626,4.8,18.9298,0,NA,0.368,0.04,59,NA,NA,1.8,93,NA,31.7,NA,4.37,NA,NA,NA,40.022614,11.737006,11.69539356,10.0565,1.18757
South Sudan,2019,98.7,4.0364785,744.851351,6.7,21.3171,NA,NA,0.585,0.033,61,NA,NA,1.8,72,NA,32.2,NA,4.26,NA,NA,NA,39.913624,12.537598,9.06570053,9.03741,0.9925419
South Sudan,2020,98.7,4.0307374,729.0375251,9.27123,NA,NA,NA,0.706,0.043,67,NA,NA,1.7,75,NA,32.7,NA,4.16,NA,NA,NA,39.79093,13.086459,9.35116673,9.31798,0.7062203
South Sudan,2021,98.7,4.031986,749.2421991,NA,30.151,NA,NA,NA,NA,69,NA,NA,1.7,72,NA,33.4,NA,4.047,NA,NA,NA,39.65549,13.645828,6.30117083,6.25599,0.9291335
South Sudan,2022,98.7,4.033409,703.686347,NA,48.4888,0,NA,0.691,NA,73,NA,NA,1.6,72,NA,34.1,NA,3.964,NA,NA,NA,39.509228,14.2167635,6.57254314,6.76126,0.62561053
Sudan,2000,103.4,3.6850653,645.4822854,0.025785,0.082684,1.39,0.81,NA,0.158,62,NA,NA,0.1,0,NA,37.2,NA,5.596,NA,3575.852,61,45.74312,17.357536,3.60664487,3.60664,1.2199817
Sudan,2001,99.9,3.618296,615.8055394,0.140185,0.364158,1.57,0.74,NA,NA,66,NA,NA,0.1,0,NA,36.6,NA,5.562,NA,3701.5488,NA,45.756744,17.374607,3.36456871,3.36457,1.1215229
Sudan,2002,96.5,3.5489237,588.3703647,0.439478,0.652707,2.3,0.73,NA,NA,60,NA,NA,0.1,0,NA,36.1,NA,5.531,NA,3814.3132,NA,45.77037,17.391678,3.30010891,3.30011,1.128654
Sudan,2003,93.1,3.4834638,592.7384631,0.538472,1.76355,3.13,0.73,NA,NA,69,NA,NA,0.1,0,NA,35.7,NA,5.489,115.11,3946.9226,NA,45.783993,17.40875,3.89187932,3.89188,1.2633222
Sudan,2004,102.6,3.4384766,535.5381268,0.791562,3.43152,3.37,0.71,1.031,0.262,74,NA,NA,0.1,0,NA,35.4,NA,5.455,122.17,4041.0571,NA,45.797623,17.425823,4.15593481,4.15593,1.5730271
Sudan,2005,100.1,3.380646,505.4449666,1.29204,5.84708,1.82,0.72,NA,NA,78,NA,NA,0.1,1,NA,35.1,27.8,5.397,NA,4152.3228,NA,46.740257,19.136578,4.09418154,4.09418,1.599636
Sudan,2006,84,3.304971,485.4225151,NA,14.6382,1.56,0.73,1.043,0.365,78,NA,NA,0.1,1,27,34.7,NA,5.332,93.39,4299.974,NA,47.682297,20.847155,4.88544321,4.88544,1.7773572
Sudan,2007,81.3,3.2563322,444.8902726,8.66,25.0826,1.05,0.73,0.992,0.364,84,NA,NA,0.1,0,NA,34.3,NA,5.27,130.17,4415.785,NA,48.62374,22.83608,5.66269159,5.66269,2.0494504
Sudan,2008,78.8,3.215926,426.4274245,NA,35.6634,1.09,0.73,0.965,0.337,86,NA,NA,0.1,3,NA,33.9,NA,5.212,94.6,4446.4097,54,49.564594,24.87984,5.42313576,5.42314,1.7319499
Sudan,2009,76.4,3.1769373,382.4853505,NA,44.3746,1.07,0.73,NA,NA,81,NA,NA,0.1,4,NA,33.4,NA,5.173,101.19,4188.0547,NA,50.50966,26.985006,6.39496326,6.39496,2.6293633
Sudan,2010,74.2,3.1396399,370.0063427,NA,51.09,1.54,0.72,NA,NA,90,NA,NA,0.1,8,29.8,32.9,NA,5.141,111.64,4219.837,NA,51.458813,29.151707,5.05810165,5.0581,1.6462662
Sudan,2011,72.2,3.1002724,356.6349726,NA,69.3293,1.34,0.84,NA,NA,93,NA,NA,0.1,7,NA,32.6,NA,5.087,NA,4467.626,NA,52.411682,31.3797,5.61579561,5.6158,1.2828178
Sudan,2012,70.2,3.0592122,340.4804145,NA,74.9085,1.15,0.82,NA,NA,92,NA,NA,0.1,8,NA,32.3,NA,5.031,91.02,4145.9316,NA,53.367683,33.668377,5.68827009,5.68827,1.4933702
Sudan,2013,68.3,3.017366,326.8861908,NA,73.1964,1.1,0.82,NA,NA,93,NA,NA,0.1,6,NA,32.1,NA,4.965,86.82,4130.486,NA,54.32667,36.017696,6.96487474,6.96487,1.1519505
Sudan,2014,66.4,2.967158,308.8127644,NA,71.5977,1.07,0.8,1.173,NA,94,50.7,NA,0.1,9,33,32,NA,4.912,NA,4207.5005,NA,55.28808,38.42694,5.67619705,5.6762,1.434536
Sudan,2015,64.5,2.908066,297.8966272,NA,69.8036,0.297,0.67,0.801,0.415,93,NA,NA,0.1,9,NA,32,NA,4.898,NA,4159.1943,NA,56.251934,40.896244,5.81112576,5.81113,0.82485694
Sudan,2016,62.6,2.85344,288.2060581,14.1,67.3955,0.331,0.67,NA,NA,93,NA,NA,0.1,7,NA,32,NA,4.829,NA,4174.561,NA,57.217667,43.424778,5.68438482,5.68438,1.2897942
Sudan,2017,60.7,2.8000128,276.5923168,18.6,67.0598,0.335,0.74,NA,0.263,95,NA,NA,0.1,10,NA,32.1,NA,4.761,NA,4061.0183,NA,58.184906,46.011955,5.91767406,5.91767,1.0666325
Sudan,2018,58.9,2.7471619,268.4488132,24.6,68.0534,0.31,0.66,1.083,NA,93,NA,NA,0.1,7,NA,32.3,NA,4.681,NA,3816.66,NA,59.15346,48.65742,4.46172857,4.46358,1.0387498
Sudan,2019,57.1,2.699415,261.8607733,25.9,72.4819,0.303,0.66,NA,NA,93,51.7,NA,0.1,5,NA,32.4,NA,4.617,NA,3625.5232,NA,60.122772,51.360172,4.59967566,4.57118,1.0373572
Sudan,2020,55.3,2.6417923,273.1027491,26.4383,75.2207,0.277,0.66,NA,NA,90,NA,NA,0.1,4,NA,32.7,NA,4.542,NA,3401.2498,NA,61.092636,54.119724,3.04323435,3.00965,1.0400642
Sudan,2021,53.6,2.5911777,304.7569503,NA,71.7672,0.274,0.66,NA,NA,84,NA,NA,0.2,3,NA,33,NA,4.457,NA,3248.9756,NA,62.062664,56.93525,2.9669323,2.83128,0.77320933
Sudan,2022,51.8,2.5357895,262.6782841,NA,70.2084,0.315,NA,NA,NA,84,NA,NA,0.2,8,NA,33.4,NA,4.384,NA,3132.0771,NA,63.032475,59.805843,3.79416442,4.61874,0.82583225
Tanzania,2000,128.4,3.2805314,NA,0.117194,0.322585,0.507,NA,NA,NA,NA,NA,NA,6.1,0,NA,43,NA,5.67,NA,1839.9366,NA,28.611532,3.446462,3.41529942,3.4153,0.7458642
Tanzania,2001,120.6,3.1752055,NA,0.1713,0.782879,0.505,NA,NA,NA,NA,NA,NA,5.9,0,NA,42.5,NA,5.617,NA,1899.7454,NA,29.867762,4.7329040000000004,4.23551702,4.23552,1.089083
Tanzania,2002,112.8,3.0634668,NA,0.222484,1.68006,0.447,NA,0.368,0.023,NA,NA,NA,5.7,0,NA,42,NA,5.57,136.67,1982.6443,69,31.124126,6.0216975,4.68907642,4.68908,1.3321344
Tanzania,2003,105.3,2.9566681,NA,0.676963,3.49964,0.396,NA,NA,NA,NA,NA,NA,5.5,1,NA,41.5,NA,5.578,139.87,2059.8374,NA,32.4758,7.342047,5.34231472,5.34231,1.4915853
Tanzania,2004,98.6,2.85819,NA,0.877575,5.09582,0.389,NA,NA,NA,NA,61.5,NA,5.2,2,16.7,41.1,NA,5.597,130.6,2155.2415,NA,33.947117,8.689901,5.7373414,5.73734,1.9667485
Tanzania,2005,92.4,2.7718143,NA,1.1,7.56468,0.394,NA,NA,NA,NA,NA,NA,5,17,NA,40.5,24.2,5.579,133.94,2253.0933,NA,35.428352,10.040788,6.32282543,6.32283,2.3111696
Tanzania,2006,86.9,2.697427,NA,1.3,13.9199,0.377,NA,0.234,NA,NA,NA,NA,4.9,22,NA,39.8,NA,5.511,141,2334.1045,NA,36.919506,11.395584,7.598279,7.59828,2.3799884
Tanzania,2007,81.6,2.6345067,NA,1.6,19.9153,0.394,NA,NA,NA,NA,NA,NA,4.8,64,NA,39.1,NA,5.403,128.17,2423.616,NA,38.419598,12.75487,6.88427973,6.88428,1.9410567
Tanzania,2008,77,2.5770342,NA,1.9,30.5534,0.291,NA,NA,NA,NA,NA,NA,4.7,77,NA,38.4,NA,5.324,129.99,2493.2593,NA,39.929058,14.119749,5.55704737,5.55705,2.2578394
Tanzania,2009,72.4,2.5253007,NA,2.4,40.0364,0.396,0.63,NA,NA,NA,NA,NA,4.6,89,16.4,37.7,NA,5.26,121.46,2560.811,NA,41.445488,15.490306,5.06306362,5.06306,1.4848465
Tanzania,2010,68.6,2.4794693,NA,2.9,46.8824,0.39,0.74,NA,NA,NA,42.8,NA,4.6,62,16.1,37.2,NA,5.225,123.44,2654.8035,NA,42.970222,16.86804,5.22392178,5.22392,1.4499774
Tanzania,2011,65,2.4394047,NA,3.2,55.761,0.35,0.76,NA,NA,NA,NA,NA,4.6,80,14.1,36.9,NA,5.141,118.7,2779.7078,NA,44.501354,18.25323,5.0559845,5.05598,1.2868162
Tanzania,2012,62.1,2.4048526,NA,3.95,57.4558,0.372,NA,0.439,0.031,NA,NA,NA,4.5,100,NA,36.7,NA,5.137,NA,2822.4854,78,46.039227,19.647074,5.01779366,5.01779,1.1757333
Tanzania,2013,59.5,2.383082,NA,4.4,56.2075,0.338,1.01,NA,NA,NA,NA,NA,4.5,100,13.1,36.8,NA,5.156,125.81,2924.8633,NA,47.58197,21.049833,4.64643383,4.64643,1.1851705
Tanzania,2014,56.7,2.3667877,NA,7,63.2804,0.3,0.68,0.428,0.059,NA,NA,NA,4.5,97,13.4,36.9,NA,5.122,132.3,3027.569,NA,49.127773,22.461695,4.01492071,4.01492,1.199454
Tanzania,2015,54.8,2.3545046,NA,10,76.2493,0.275,NA,NA,NA,NA,NA,NA,4.5,94,13.7,37,NA,5.025,131.49,3111.4446,78,50.676167,23.883436,3.64969945,3.6497,1.257261
Tanzania,2016,52.5,2.3420506,NA,13.5042,74.3984,0.241,0.46,NA,NA,NA,50.6,34.3,4.4,90,NA,37.1,NA,5.006,138.89,3214.2468,NA,52.225857,25.315386,3.96350336,3.9635,1.6101372
Tanzania,2017,50.2,2.3298633,NA,14.4634,71.7912,0.228,NA,0.574,NA,NA,62.2,NA,4.4,100,NA,37.2,NA,4.988,119.66,3318.2883,NA,53.776814,26.758528,4.02325726,4.07779,1.5567907
Tanzania,2018,48,2.305956,NA,15.4907,75.7302,0.216,0.44,0.556,0.05,NA,NA,NA,4.3,100,14.6,37.3,NA,4.932,NA,3392.6887,NA,55.328186,28.213392,4.32775831,4.32879,1.6266601
Tanzania,2019,46,2.2669451,NA,16.5909,80.5836,0.129,0.62,NA,NA,NA,NA,NA,4.2,100,NA,37.4,NA,4.866,116.35,3484.6326,NA,56.878746,29.680235,4.02347755,4.02387,1.6312809
Tanzania,2020,44.2,2.2209005,NA,17.7693,84.0051,0.119,0.64,NA,NA,NA,NA,NA,4.1,100,NA,37.5,NA,4.801,112.25,3449.8215,NA,58.42887,31.16029,3.05028677,3.05196,0.8615938
Tanzania,2021,42.2,2.1644545,NA,19.0314,86.0163,0.114,0.64,NA,NA,NA,NA,NA,4,94,10.8,37.8,NA,4.734,NA,3493.083,NA,59.97699,32.65351,3.46963334,3.4725799999999998,0.9449785
Tanzania,2022,40.5,2.10953,NA,22.101,93.016,0.131,0.84,0.494,0.133,NA,65.1,NA,3.9,94,11.4,38.2,NA,4.671,NA,3546.981,NA,61.5231,34.16087,3.13497496,3.11196,0.98185784
Togo,2000,119.6,3.6679993,495.5133087,0.8,0.972756,0.832,NA,NA,NA,64,NA,NA,3.7,0,NA,47.8,NA,5.165,NA,2160.9893,53,45.840107,8.033597,3.33427,2.71672,0.290969
Togo,2001,116,3.5870945,478.0335005,0.9,1.80013,0.917,NA,NA,0.057,50,NA,NA,3.7,0,NA,47.4,NA,5.128,NA,2122.0806,NA,47.206654,8.264042,3.4422195,2.80675,0.32503283
Togo,2002,112.5,3.5046387,447.2045103,1,3.05061,0.945,0.92,NA,NA,59,NA,NA,3.6,0,NA,47,NA,5.092,NA,2147.9744,NA,48.548645,8.49613,3.44502354,2.82403,0.34117612
Togo,2003,109.1,3.4259212,431.0861765,1.2,4.38771,1.1,0.81,NA,NA,72,53.5,NA,3.5,1,NA,46.6,NA,5.048,103.64,2234.9773,NA,49.865715,8.729674,3.44513917,2.86098,0.3768517
Togo,2004,105.9,3.3540368,431.2132676,1.5,5.83805,1.16,0.78,0.34,0.044,71,NA,NA,3.4,2,NA,46.2,NA,4.995,95.52,2157.0276,NA,51.002296,8.964684,3.48131895,3.00705,0.44411397
Togo,2005,102.7,3.2826178,434.4428295,1.8,7.41937,1.08,0.7,NA,NA,82,NA,NA,3.3,5,NA,45.8,35,5.038,96.11,2004.2585,NA,51.94533,9.614458,3.98242044,3.22045,0.5036261
Togo,2006,99.7,3.2122830000000002,452.5802089,2,11.7791,1.37,0.84,NA,NA,84,NA,NA,3.2,10,NA,45.3,NA,5.076,94.55,2000.5417,57,52.85337,10.2925205,4.30967808,3.36328,0.5644585
Togo,2007,96.9,3.1402733,448.1448314,2.2,19.2349,1.61,0.64,0.4,0.048,82,NA,NA,3,11,NA,44.8,NA,5.102,92.09,1920.2693,NA,53.72648,10.998637,3.67734432,3.67734,0.5949898
Togo,2008,94.1,3.0702007,457.3824401,2.4,24.3302,2.21,0.62,0.285,0.056,81,NA,NA,2.9,19,20.5,44.2,NA,5.1,NA,1941.1549,NA,54.565163,11.73278,3.74071932,3.74072,0.60018307
Togo,2009,91.4,3.0070858,471.4842751,2.6,33.3849,2.73,0.63,NA,NA,78,NA,NA,2.8,25,16.6,43.6,NA,5.104,70.66,1989.83,57,55.367737,12.493855,3.92726755,3.92727,0.6825697
Togo,2010,88.7,2.9483593,496.8376767,3,38.652,0.891,0.57,NA,0.0506,83,54.9,NA,2.7,36,15.1,43,NA,5.087,88,2049.7805,NA,56.13607,13.282468,4.33284378,4.33284,1.1234902
Togo,2011,85.9,2.8895974,501.3403349,3.5,38.9698,0.871,0.56,NA,NA,85,NA,NA,2.7,74,NA,42.5,NA,4.984,85,2111.4749,60,56.877895,14.102818,4.38927078,4.38927,1.0321442
Togo,2012,83.3,2.8360023,506.4046667,4,46.6464,0.867,0.63,NA,NA,84,NA,NA,2.6,82,16.5,42,NA,4.854,84.42,2186.3096,NA,57.58879,14.952801,4.64366484,4.64366,1.1666787
Togo,2013,80.7,2.7843757,500.0460809,4.5,58.5139,0.858,0.62,NA,NA,84,NA,NA,2.5,87,NA,41.6,NA,4.754,98.56,2254.9883,NA,58.263294,15.829059,4.78670263,4.7867,0.96069103
Togo,2014,78.1,2.7353575,489.9338657,5.7,60.4369,0.713,0.61,NA,NA,84,57.2,70.8,2.4,90,16.1,41.3,NA,4.702,NA,2322.404,NA,58.902283,16.731756,4.90473413,4.90473,0.9982874
Togo,2015,75.6,2.6842084,470.3524976,7.12,63.3575,0.688,0.64,0.288,0.048,82,NA,NA,2.3,95,NA,41.1,NA,4.662,82.33,2388.426,64,59.505867,17.660616,6.24738503,6.21764,0.92438984
Togo,2016,73.2,2.6389227,460.1199412,11.31,70.0588,0.43,0.65,0.303,0.045,82,NA,NA,2.2,98,NA,40.9,NA,4.634,78.97,2427.3003,NA,60.075314,18.616287,6.58550072,6.55581,0.9753545
Togo,2017,70.9,2.5854611,443.3930567,12.3602,75.3357,0.448,0.64,0.401,0.074,84,54.8,NA,2.2,83,15.2,40.8,NA,4.576,NA,2462.2773,NA,60.610245,19.59827,6.50210476,6.5021,1.0495886
Togo,2018,68.6,2.5353105,435.3548658,15.5,74.3997,0.456,0.63,0.392,0.076,82,NA,NA,2.1,94,NA,40.7,NA,4.513,NA,2517.3489,NA,61.110615,20.606283,6.16073656,6.16074,1.0316905
Togo,2019,66.3,2.4884932,415.9724048,20.7273,73.7225,0.515,0.56,0.444,0.076,86,NA,NA,2,95,NA,40.7,NA,4.45,NA,2577.516,67,61.57639,21.640043,5.91268635,5.91269,0.8914601
Togo,2020,64.3,2.4460196,397.7650601,29.0237,75.164,0.536,0.37,0.484,0.081,85,NA,NA,1.9,82,NA,40.7,NA,4.386,NA,2570.4832,NA,62.007523,22.699257,6.18928432,6.18928,0.91246384
Togo,2021,62.2,2.399831,396.591514,30.3384,70.449700000000007,0.614,0.41,0.386,0.059,87,NA,NA,1.9,83,NA,40.8,NA,4.324,NA,2638.811,NA,62.404,23.78362,5.6165967,5.6166,0.55793744
Togo,2022,60.2,2.3500998,362.2930338,35.5105,72.2148,0.722,0.33,0.494,0.083,86,NA,NA,1.8,87,NA,41,NA,4.253,NA,2739.6882,72.59589,62.765614,24.892591,6.24094057,6.04134,0.66535133
Tunisia,2000,29.2,1.7186962,55.75277762,2.75074,1.22034,9.78,1.71,NA,0.752,97,57.3,NA,0.1,0,3.5,27.3,NA,2.025,NA,9134.415,NA,87.53645,77.680565,4.81271935,4.81272,2.5348222
Tunisia,2001,27.2,1.6136156,54.63184726,4.29797,3.94347,10.7,NA,NA,0.777,98,NA,NA,0.1,0,NA,27.2,NA,1.975,6.9,9380.563,NA,87.847244,78.30129,4.86132765,4.86133,2.5368934
Tunisia,2002,25.5,1.5226622,53.08259461,5.25289,5.75975,11.5,1.67,NA,0.789,96,NA,NA,0.1,3,NA,27.2,NA,1.941,5.9,9407.557,NA,88.13898,79.238174,5.12036419,5.12036,2.6505418
Tunisia,2003,24,1.446824,51.74930444,6.49085,19.0389,11.6,1.67,2.053,0.803,95,NA,NA,0.1,4,NA,27.3,NA,1.956,5.84,9752.024,NA,88.4265,80.17312,5.20888519,5.20889,2.677941
Tunisia,2004,22.7,1.3829838,50.27621377,8.52882,36.7464,11.8,1.72,2.807,1.295,97,NA,NA,0.1,2,NA,27.4,NA,1.95,5.86,10263.806,74,88.70512,81.09954,5.19890785,5.19891,2.6580377
Tunisia,2005,21.6,1.3282536,48.95261268,9.65509,55.3921,12.3,1.72,NA,0.907,98,NA,NA,0.1,0,NA,27.5,14.6,1.953,5.8,10529.16,NA,88.958855,81.99688,5.14555788,5.14556,2.6150205
Tunisia,2006,20.7,1.2859678,47.56931339,12.9864,70.9333,12.3,1.74,NA,NA,99,67.5,NA,0.1,0,3.3,27.5,NA,1.952,5.96,10983.922,NA,89.209656,82.89498,5.13109922,5.1311,2.6816285
Tunisia,2007,20,1.252378,46.3317601,17.1,75.1086,12.2,1.72,NA,0.998,98,NA,NA,0.1,2,NA,27.4,NA,1.957,5.94,11613.925,77,89.45698,83.79293,5.17542839,5.17543,2.7627327
Tunisia,2008,19.4,1.2271795,45.22682518,27.53,81.5941,11.8,1.78,2.149,1.08,99,NA,NA,0.1,3,NA,27.2,NA,1.975,5.71,11990.196,78,89.886826,84.6909,5.1644063,5.16441,2.802997
Tunisia,2009,19,1.2110857,44.27340672,34.07,91.985,12,1.8,2.128,NA,99,NA,NA,0.1,3,NA,27,NA,2.004,5.94,12229.775,NA,90.34339,85.588684,5.40595293,5.40595,2.975105
Tunisia,2010,18.7,1.202397,43.76706411,36.8,103.235,12,1.82,2.214,1.193,98,NA,NA,0.1,10,NA,26.8,NA,2.075,5.9,12458.271,79,90.79591,86.48582,5.60950756,5.60951,3.127519
Tunisia,2011,18.5,1.1983947,43.77050092,39.1,113.794,11.2,1.8,NA,NA,98,NA,NA,0.1,11,NA,26.7,NA,2.189,6.55,12068.714,80,91.24482,87.38265,6.12299299,6.12299,3.4541929
Tunisia,2012,18.4,1.1991735,43.38275556,41.4416,116.66,9.98,1.79,NA,NA,97,85.1,NA,0.1,11,2.3,26.5,NA,2.277,6.79,12436.3955,80,91.68983,88.27872,6.28984737,6.28985,3.5829837
Tunisia,2013,18.3,1.2030449,42.78121052,43.8,114.101,9.17,1.81,NA,NA,98,NA,NA,0.1,14,NA,26.4,NA,2.31,NA,12587.995,NA,92.130516,89.17341,6.51394987,6.51395,3.8491714
Tunisia,2014,18.3,1.2072725,41.78524123,46.16,126.692,8.42,1.79,2.602,1.236,98,NA,NA,0.1,29,NA,26.4,NA,2.316,8.35,12824.003,79,92.56746,90.0672,6.45006084,6.45006,3.749653
Tunisia,2015,18.2,1.2116306,40.27136187,46.5,128.009,8.28,1.8,2.618,1.268,98,NA,NA,0.1,19,NA,26.4,NA,2.306,8.77,12802.792,NA,93.00175,90.96104,6.21339941,6.2134,3.3425512
Tunisia,2016,18.1,1.2089374,38.91514673,49.6,123.883,8.45,1.79,2.607,1.241,98,86.4,NA,0.1,14,NA,26.4,NA,2.275,8.07,12803.88,NA,93.4329,91.85409,6.24778175,6.24778,3.4058018
Tunisia,2017,17.9,1.1935275,37.85947327,55.5002,123.034,9.55,1.81,2.467,1.261,98,NA,NA,0.1,13,NA,26.4,NA,2.205,7.02,12955.401,NA,93.86062,92.74574,6.18557453,6.18557,3.3210247
Tunisia,2018,17.5,1.1605535,37.54945739,64.1908,125.533,11.1,1.82,NA,NA,97,84.1,NA,0.1,14,1.6,26.5,NA,2.133,6.45,13163.195,79.47511,94.28474,93.635475,5.9375186,5.93752,3.0932176
Tunisia,2019,16.9,1.1088377,37.27698533,66.7,124.387,12.2,1.82,2.113,1.28,98,NA,NA,0.1,20,NA,26.6,NA,2.1,6.2,13243.902,81,94.704796,94.52249,6.02461243,6.02461,3.5671337
Tunisia,2020,16,1.0446784,39.69159877,68.5564,124.042,12.8,2.42,2.074,1.295,97,NA,NA,0.1,32,NA,26.7,NA,2,5.1,11955.599,NA,95.12038,95.40608,7.05612612,7.05022,4.312125
Tunisia,2021,15,0.9733469,64.65765966,68.3155,129.846,13.8,2.46,2.161,1.292,97,NA,NA,0.1,38,NA,26.9,NA,1.8,4.16,12444.326,83.68263,95.531296,96.28568,7.34183979,6.97669,4.1127286
Tunisia,2022,13.9,0.9017024,38.11569494,70.5532,131.875,14.8,NA,NA,NA,97,NA,NA,0.1,46,NA,27.3,NA,1.847,NA,12712.224,NA,95.937256,97.16063,7.51270723,6.9638,3.9555614
Uganda,2000,145.6,3.2393587,475.0966326,0.163714,0.528801,0.257,NA,NA,NA,52,NA,NA,8.5,0,19.2,33.5,NA,6.788,NA,1487.005,NA,26.235704,14.711663,5.0827775,5.08274,1.2686921
Uganda,2001,138.8,3.150222,440.3102368,0.237945,1.14574,0.227,NA,NA,NA,55,41.9,NA,8.2,0,NA,32.7,NA,6.757,NA,1516.9642,NA,27.529882,15.10441,5.05208397,5.05205,1.350101
Uganda,2002,131.2,3.0557384,415.7563075,0.384094,1.54041,0.215,NA,NA,0.047,57,NA,NA,8,0,NA,31.8,NA,6.735,170.07,1598.5829,68,28.850449,15.496653,4.77136898,4.77133,1.4662906
Uganda,2003,123.1,2.961823,394.5486691,0.46485,2.94538,0.231,NA,NA,NA,59,NA,NA,7.7,5,NA,31,NA,6.671,162.51,1649.1483,NA,30.196743,15.888348,4.2991581,4.29916,1.4730378
Uganda,2004,114.9,2.8807478,384.3490806,0.719971,4.29039,0.264,NA,0.699,0.081,62,NA,NA,7.6,12,NA,30.1,NA,6.612,161.92,1709.3616,NA,31.568563,16.279598,4.70022202,4.70022,1.3670883
Uganda,2005,107,2.8070233,416.9045373,1.74221,4.70367,0.313,NA,1.346,0.12,64,NA,NA,7.5,19,NA,29.3,27.9,6.525,165.39,1765.0378,NA,32.963303,16.66977,5.80516291,5.80516,1.0325577
Uganda,2006,99.7,2.7466779,408.6582515,2.52936,6.97652,0.376,NA,NA,NA,64,47.2,NA,7.4,28,16.3,28.3,NA,6.429,159.74,1898.9791,71,34.382626,17.05956,6.463305,6.46331,0.9806753
Uganda,2007,93,2.6870964,344.593261,3.67197,14.1477,0.559,NA,NA,NA,73,NA,NA,7.3,36,NA,27.4,NA,6.326,160.62,1999.0625,NA,35.824383,17.448483,6.11309004,6.11309,1.0311599
Uganda,2008,86.9,2.6277993,324.4711593,3.88,28.0124,0.552,NA,NA,NA,71,NA,NA,7.2,56,NA,26.5,NA,6.202,151.42,2110.1006,NA,37.28873,17.836786,5.45474958,5.45475,0.93871653
Uganda,2009,81.4,2.568945,322.4205947,4.1,29.8359,0.743,0.4,NA,NA,79,NA,NA,7.2,62,15.7,25.7,NA,6.124,145.69,2188.299,NA,38.774,18.224138,5.78845549,5.78846,0.8268192
Uganda,2010,76.1,2.5138261,304.3459374,4.3,39.6047,1.01,0.5,NA,NA,80,NA,NA,7.2,37,NA,25,NA,6.019,134.48,2244.606,73,40.280254,18.61078,6.80890226,6.8089,1.0972245
Uganda,2011,71,2.4592698,294.5312016,4.6,50.0591,1.39,NA,NA,NA,82,47.6,NA,7.1,62,14.1,24.5,NA,5.885,NA,2384.4653,NA,41.80625,18.996529,6.6959095,6.69591,0.9086334
Uganda,2012,66.7,2.39975,285.0679652,4.8,47.6343,0.917,NA,1.189,0.098,83,NA,NA,7.1,99,11.9,24.3,NA,5.729,143.72,2405.0945,70,43.35154,19.381472,6.10853958,6.10854,0.9248504
Uganda,2013,62.4,2.3354163,307.6948049,5.1,51.1323,0.772,NA,1.334,NA,84,NA,NA,7,100,NA,24.2,NA,5.563,141,2420.8882,NA,44.914078,19.76516,5.78252411,5.78252,0.9743214
Uganda,2014,59.1,2.2698617,311.3423804,5.4,55.9572,0.891,NA,1.247,NA,85,NA,NA,6.9,100,11.7,24.3,NA,5.408,133.84,2470.504,NA,46.494545,20.148092,5.33653069,5.33653,0.95077145
Uganda,2015,55.8,2.201387,299.1615982,5.8,53.8756,0.876,NA,1.585,0.097,89,NA,NA,6.8,100,8.8,24.5,NA,5.251,131.55,2520.02,NA,48.09126,20.529951,4.99643135,4.99643,0.7571369
Uganda,2016,52.5,2.135725,272.4576777,5.9,58.8634,0.949,NA,1.676,NA,93,59.9,54.3,6.6,100,10.4,24.7,NA,5.112,113.52,2554.2278,69.10132,49.702606,20.910435,5.01553297,5.00793,0.7863665
Uganda,2017,49.8,2.071944,246.2628782,NA,62.0968,0.653,NA,1.505,0.172,94,NA,NA,6.5,100,NA,24.8,NA,4.987,111.42,2543.8477,NA,51.32773,21.289505,3.99852037,3.99852,0.63865817
Uganda,2018,47.4,2.016067,231.9684218,NA,58.8754,0.197,NA,1.273,0.414,93,NA,NA,6.3,100,7.7,25,NA,4.867,NA,2613.88,NA,52.965107,21.666872,4.02153397,4.02144,0.67459893
Uganda,2019,45.3,1.9652358,218.7125453,NA,59.0598,0.199,NA,NA,NA,93,NA,NA,6.1,100,NA,25.2,NA,4.744,NA,2689.4102,NA,54.61487,22.04289,3.79341364,3.79371,0.5734408
Uganda,2020,43.5,1.9163102,209.4898774,7.4,62.2824,0.204,NA,1.684,0.158,89,56.7,NA,5.8,100,7.6,25.5,NA,4.621,NA,2678.009,NA,56.275173,22.417147,5.23865509,5.23699,1.1910781
Uganda,2021,41.8,1.8744501,215.7510252,10,65.6221,0.229,NA,NA,NA,91,NA,NA,5.6,100,NA,25.9,NA,4.51,NA,2684.9204,NA,57.9452,22.789614,5.47374916,5.48128,1.1472704
Uganda,2022,40.5,1.8351427,183.9035302,11.1246,70.1401,0.223,NA,2.265,0.168,89,NA,NA,5.4,95,9.7,26.4,NA,4.388,NA,2724.906,NA,59.624367,23.160389,4.45071125,4.39089,0.98358905
Zambia,2000,152.5,3.3925633,340.1839737,0.191072,0.98679,0.832,NA,NA,NA,85,NA,NA,13.5,0,NA,36.2,NA,5.921,NA,2220.5654,NA,46.2308,21.041538,4.12029076,4.17366,1.4739426
Zambia,2001,143.8,3.2976217,305.6169203,0.23313,1.17383,0.83,NA,NA,NA,85,NA,NA,13.2,0,NA,35,NA,5.848,NA,2268.9697,NA,47.32916,21.678688,4.77853632,4.82996,1.9250293
Zambia,2002,133.7,3.172563,273.7210723,0.477751,1.30628,0.823,NA,NA,NA,84,71.6,NA,12.9,0,23.2,33.9,NA,5.774,150.5,2299.333,69,48.566933,22.413805,5.88845205,5.88845,1.8981862
Zambia,2003,123.6,3.0403032,249.8508044,0.980483,2.19418,0.805,NA,NA,NA,83,NA,NA,12.6,0,NA,32.9,NA,5.71,154.53,2383.8762,NA,49.794666,23.144386,5.9955358500000004,5.99554,1.4537687
Zambia,2004,113.7,2.913206,259.573569,1.1,4.09548,0.809,NA,NA,0.134,83,NA,NA,12.3,12,NA,31.9,NA,5.698,NA,2471.7207,NA,51.012325,23.870035,5.46587515,5.48491,1.3154407
Zambia,2005,104.8,2.8041973,263.7189695,1.3,8.10286,0.808,NA,0.714,0.056,82,NA,NA,12.1,32,NA,31,54.1,5.697,157.24,2564.4756,NA,52.219357,24.590023,6.33088684,6.33089,1.2433597
Zambia,2006,97.1,2.7200232,262.1992129,1.6,13.713,0.77,NA,0.69,0.054,81,NA,NA,11.9,43,NA,30.1,NA,5.679,152.57,2673.4614,NA,53.41626,25.304293,5.5774231,5.57742,1.3285933
Zambia,2007,91.4,2.6633434,323.8621205,1.9,21.0029,0.731,NA,NA,NA,80,60.3,NA,11.7,46,14.9,29.3,NA,5.613,NA,2796.353,NA,54.60251,26.01213,4.55994081,4.57961,1.4878334
Zambia,2008,86.2,2.6259842,393.5536247,2.2,27.1785,0.696,1.9,0.698,0.062,87,NA,NA,11.7,66,NA,28.5,NA,5.53,150.68,2908.1436,NA,55.779037,26.713743,4.49370766,4.46691,1.5852447
Zambia,2009,80,2.5975523,406.3524424,2.5,32.6653,0.67,NA,0.704,0.06,94,NA,NA,11.7,77,NA,27.8,NA,5.453,147.53,3065.8442,NA,56.94393,27.407558,5.22568512,5.15719,1.6677223
Zambia,2010,75.7,2.5741453,331.6696964,3,39.0029,0.848,2,0.711,0.061,83,NA,NA,11.7,64,NA,27.3,NA,5.359,140.7,3266.5076,83,58.09906,28.094336,4.13426876,3.97472,1.5597998
Zambia,2011,73.1,2.549044,291.1451128,3.5,56.5499,0.594,NA,NA,NA,81,NA,NA,11.7,67,NA,26.8,NA,5.256,144.52,3335.6433,NA,59.243465,28.773104,3.95913363,3.95913,1.5735333
Zambia,2012,70.4,2.527078,255.9068171,4.1,70.5709,0.553,NA,NA,NA,78,NA,NA,11.8,71,NA,26.5,NA,5.136,141.23,3474.5525,NA,60.37932,29.444685,4.04541731,4.04542,1.5422177
Zambia,2013,67.2,2.5068557,213.3232367,4.8,67.5096,0.752,NA,NA,NA,79,NA,NA,11.8,80,14.9,26.3,NA,5.014,NA,3535.2246,NA,61.506893,30.10873,4.57390451,4.5739,1.3098732
Zambia,2014,63.8,2.4866478,173.684617,6.5,63.6343,0.72,NA,NA,NA,86,55.5,63.4,11.9,85,NA,26.3,NA,4.89,139.02,3585.5774,NA,62.62519,30.764175,3.82924223,3.82924,1.8938222
Zambia,2015,61.5,2.4657211,154.4058975,8.8,70.4778,0.708,NA,NA,NA,90,NA,NA,11.9,79,NA,26.2,NA,4.775,NA,3576.9255,NA,63.734898,31.410866,4.42974281,4.42974,2.0905416
Zambia,2016,59,2.4444387,158.0952222,10.3,71.0461,0.6,NA,NA,0.09,95,NA,NA,11.8,84,NA,26.2,NA,4.669,135.9,3598.1716,NA,64.83505,32.04777,4.46923161,4.46923,1.7143074
Zambia,2017,56.1,2.4203842,141.4031587,12.2,77.05,0.582,NA,0.9,NA,94,NA,NA,11.8,89,NA,26.1,NA,4.567,134.58,3612.5059,NA,65.92593,32.67449,4.78156233,4.78156,2.5103915
Zambia,2018,55.2,2.3902645,117.1732844,14.3,86.0723,0.559,NA,1.273,0.225,90,NA,69.7,11.7,89,11.8,26.2,NA,4.492,NA,3646.9597,71.1323,67.00737,33.290398,4.76996708,4.76997,2.0880113
Zambia,2019,54.1,2.357983,102.7551264,18.7,93.0148,0.522,NA,1.418,0.239,88,63.5,NA,11.5,100,NA,26.2,NA,4.418,NA,3591.5642,NA,68.07889,33.894703,6.75330257,6.7533,2.258308
Zambia,2020,52.4,2.3184009,98.62833798,24.5,100.235,0.377,NA,1.626,0.255,84,NA,NA,11.1,98,NA,26.2,NA,4.323,NA,3391.5955,NA,69.14036,34.486813,6.3067441,6.30674,3.5936515
Zambia,2021,49.2,2.2779586,140.1435797,32.5,103.283,0.336,NA,1.851,0.297,91,NA,NA,10.7,93,NA,26.4,NA,4.246,NA,3503.035,NA,70.22283,35.244205,6.63951397,6.63951,2.8230684
Zambia,2022,46.7,2.2368426,89.4511926,15,98.4373,0.478,NA,2.936,0.262,92,NA,NA,10.3,91,NA,26.7,NA,4.175,NA,3585.1238,NA,71.29589,35.99506,5.21042967,5.25592,2.5069435
Zimbabwe,2000,98.3,2.4850142,404.5445964,0.401434,2.2405,2.1,NA,NA,0.127,78,NA,NA,25.8,0,NA,32.5,NA,4.009,NA,6170.334,NA,67.921745,44.517006,NA,NA,NA
Zimbabwe,2001,97.9,2.5270467,467.3521068,0.799846,2.62282,2.12,NA,NA,NA,75,NA,NA,24.5,0,NA,32,NA,3.983,108.53,6217.4116,NA,68.08873,44.632782,NA,NA,NA
Zimbabwe,2002,84.8,2.5923443,417.6648594,1.1,2.80269,2.38,NA,NA,NA,71,NA,NA,23.2,2,NA,31.5,NA,3.925,105.9,5610.1914,NA,68.265854,44.820972,NA,NA,NA
Zimbabwe,2003,88.5,2.6685576,454.860143,1.8,2.97287,2.46,NA,NA,NA,68,NA,NA,21.9,8,NA,31,NA,3.862,101.31,4601.6606,NA,68.23002,44.8626,NA,NA,NA
Zimbabwe,2004,91.7,2.746601,451.0760636,2.1,3.4429,2.56,NA,NA,0.172,65,NA,NA,20.6,7,NA,30.5,NA,3.776,108.88,4287.598,NA,68.16056,44.88169,NA,NA,NA
Zimbabwe,2005,92.3,2.8217583,453.7196527,2.4,5.18375,2.63,NA,NA,0.124,68,NA,NA,19.5,11,14,30.1,35.8,3.693,120.18,4004.6646,NA,68.08982,44.25559,NA,NA,NA
Zimbabwe,2006,94,2.9005542,479.8222297,2.4,6.71982,2.66,NA,NA,NA,70,71.1,NA,18.6,13,NA,29.6,NA,3.635,105.96,3819.2334,NA,68.01738,43.631374,NA,NA,NA
Zimbabwe,2007,94.7,2.9683938,518.9900529,3,9.57239,2.69,NA,NA,0.0544,73,NA,NA,17.8,22,NA,29.1,NA,3.677,102.58,3631.5376,NA,67.94362,43.009315,NA,NA,NA
Zimbabwe,2008,93.4,3.00869,525.9220214,3.5,12.7687,2.69,NA,NA,0.0596,75,NA,NA,17.1,36,NA,28.5,NA,3.783,112.09,2954.0994,NA,67.868126,42.389175,NA,NA,NA
Zimbabwe,2009,90.3,3.0028803,539.5338934,4,30.3665,2.93,1.81,0.905,0.12,73,56.8,NA,16.6,43,11.7,28,NA,3.95,114.58,3299.4138,NA,67.79127,41.7712,NA,NA,NA
Zimbabwe,2010,85,2.9576359,566.5662574,6.4,57.6496,2.84,1.78,0.788,0.126,89,NA,NA,16.3,29,10.2,27.5,NA,4.04,NA,3885.3938,NA,67.71264,41.155167,10.47575283,10.47584,2.7533345
Zimbabwe,2011,78.8,2.8896365,564.0207336,8.4,67.6698,2.62,1.75,1.252,0.081,93,64.8,NA,16,48,NA,26.7,NA,4.126,117.8,4358.926,NA,67.63263,40.54131,8.081707,8.08288,2.1196458
Zimbabwe,2012,71.4,2.8096619,557.8331048,12,91.287,2.18,1.86,1.124,0.08,95,NA,NA,15.6,74,11.1,25.9,NA,4.134,119.69,5003.4873,NA,67.550804,39.929424,6.91838741,6.91795,1.9987928
Zimbabwe,2013,65.5,2.7376015,525.2499892,15.5,97.2838,2.17,NA,1.336,0.082,95,NA,NA,15.3,73,NA,25.4,NA,4.111,111.95,5031.6875,NA,67.46756,39.31972,7.11022186,7.1094,2.0180914
Zimbabwe,2014,61.8,2.6791801,467.8001181,16.3647,83.0461,2.32,1.95,1.47,0.122,91,70.1,NA,14.9,81,11.2,25,NA,4.011,110.01,5081.1123,NA,67.394356,38.717083,8.1335125,8.13227,2.7315624
Zimbabwe,2015,59.8,2.6269855,427.9314261,22.7428,88.5992,2.32,NA,1.326,0.177,87,75.7,56.5,14.5,81,8.5,24.7,NA,3.911,NA,5102.7144,NA,67.33155,38.120647,7.45204067,7.44983,1.5513628
Zimbabwe,2016,56.9,2.582056,411.3501058,23.12,88.21,2.09,NA,1.345,0.174,90,NA,NA,14.1,87,NA,24.5,NA,3.828,110.99,5070.4023,NA,67.27867,37.529194,7.25845575,7.46645,1.3722539
Zimbabwe,2017,55,2.5416114,389.3335683,24.4,95.1367,1.78,NA,2.496,0.179,89,NA,NA,13.6,91,NA,24.4,NA,3.768,107.91,5234.384,NA,67.23568,36.941673,6.17448902,6.17279,1.550982
Zimbabwe,2018,52.3,2.4907086,385.5237479,25,85.8627,1.79,NA,1.854,0.201,89,NA,NA,13.1,94,NA,24.7,NA,3.744,NA,5415.4697,NA,67.202934,36.35716,4.67327976,4.65527,1.5952653
Zimbabwe,2019,51.1,2.4419400000000002,387.6004298,26.5883,86.4094,1.74,NA,NA,NA,90,71.5,NA,12.5,95,9.7,25.1,NA,3.748,NA,4993.8438,93.22755,67.179596,35.774334,3.23268151,3.23268,0.46115172
Zimbabwe,2020,50.1,2.3951678,379.9713807,29.2986,84.9604,1.62,NA,2.029,0.189,86,NA,NA,12,90,NA,25.5,NA,3.754,NA,4527.7197,NA,67.16642,35.192364,2.95440102,2.9544,0.6526891
Zimbabwe,2021,47.6,2.342379,446.4168485,37.0967,90.2538,1.54,NA,NA,NA,88,NA,NA,11.5,87,NA,26.1,NA,3.765,86.82,4827.089,NA,67.162605,34.60995,2.67111874,2.78572,0.8798108
Zimbabwe,2022,46,2.287672,367.8065875,37.8861,88.9958,1.81,NA,3.071,0.166,90,NA,NA,10.9,86,NA,26.7,NA,3.767,NA,5036.761,NA,67.16891,34.61786,3.39519501,3.62881,1.0182981
